[{"id":"5f89c90e8f0840cd96e3c0db","companyId":"5f47ce0c8f0815394ff3bd8a","createdDate":1713907309116,"updatedDate":1713907309116,"versionId":16,"referenceId":null,"systemStatus":"P","updatedByUserId":"5f4d87898f086f27a2ab1466","updatedByUserName":"Sean Stevens","systemStatusText":null,"userTypes":null,"requirementIds":null,"name":"Course_Builder_Syllabus_Overview_Save_Button_Click","sourceReferenceId":null,"sourceReferenceAppId":null,"lockedByUserId":null,"lockedByUserName":null,"publicArtifact":false,"enableOffline":false,"locked":false,"canUnlock":false,"publishComment":"No more Show Message tasks!!","importantPublish":false,"appId":"5f47f6258f0814ff0a91755e","folderId":"","initializer":["5f7b67278f0840cd96e3a7e4"],"triggerType":"uiEvent","flow":[],"createdBy":null,"lastModifiedBy":null,"objectsMap":{"1602865421921":{"id":"1602865421921","type":"startObject","value":["5f7b67278f0840cd96e3a7e4"],"taskName":"Start","triggerType":"uiEvent","addedToConfig":true,"painted":true,"position":{},"taskNotes":"<p><br></p>","desc":"Course_Builder_Syllabus_Overview"},"16028654219211000":{"id":"16028654219211000","parent":"1602865437924","systemExit":true,"type":"return","returnType":"exit","taskName":"Exit","label":"","addedToConfig":false,"painted":false,"position":{}},"1602865437924":{"id":"1602865437924","type":"workflow","position":{},"workflowId":"5f848b128f0840cd96e3b0dd","workflowName":"Course_Builder_Syllabus_Overview_Save","workflowType":"uiFlow","label":"","taskName":"Course_Builder_Syllabus_Overview_Save","parent":"1614095547920_end","painted":false,"callType":"","taskNotes":"<p><br></p>","addedToConfig":false,"outputDataModel":"API_MainResponse"},"1613758995313":{"id":"1613758995313","type":"query","position":{},"source":null,"target":null,"mapping":null,"label":"","filterBy":"criteria","searchOption":"one","operator":"and","taskName":"Read CURRENT_COURSE","parent":"1678384829139","painted":false,"taskNotes":"<p><br></p>","saveType":"global","sourceVariable":"CURRENT_COURSE","modelName":"Course","addedToConfig":false},"1614095547920_end":{"id":"1614095547920_end","decisionId":"1614095547920","position":{},"type":"decisionEnd","painted":false,"addedToConfig":false},"1614095547920_success_start":{"id":"1614095547920_success_start","decisionId":"1614095547920","parent":"1614095547920","position":{},"type":"decisionSucessStart","painted":false,"addedToConfig":false},"1614095547920_failure_start":{"id":"1614095547920_failure_start","decisionId":"1614095547920","parent":"1614095547920","position":{},"type":"decisionFailureStart","painted":false,"addedToConfig":false},"1614095547920_success_end":{"id":"1614095547920_success_end","decisionId":"1614095547920","parent":"1614095567352","position":{},"type":"decisionSucessEnd","painted":false,"addedToConfig":false},"1614095547920_failure_end":{"id":"1614095547920_failure_end","decisionId":"1614095547920","parent":"1614095547920_failure_start","position":{},"type":"decisionFailureEnd","painted":false,"addedToConfig":false},"1614095547920":{"id":"1614095547920","type":"decision","newMapping":true,"position":{},"condition":null,"serviceName":null,"serviceType":null,"operator":"and","mapping":[{"sourceType":"variable","sourceValue":"enrollmentType","source":"1613758995313","sourceFieldType":"String","sourceModel":"Course","isSourceList":false,"targetType":"constant","targetValue":"SCHEDULED","target":null,"targetFieldType":null,"targetModel":"","isTargetList":null,"comparator":"equals"}],"label":"","parent":"1613758995313","painted":false,"taskNotes":"<p><br></p>","addedToConfig":false},"1614095567352":{"id":"1614095567352","type":"dataTransfer","position":{},"source":"mddui_page_input_data","sourceType":"page","sourceVariable":"","targetType":"page","target":"1613758995313","targetVariable":null,"resultVariable":null,"mapping":[{"name":"startDate","valueType":"variable","value":"startDate","fieldType":"Time","list":false,"rr_dynamic_field_name_type":"","fromModel":"Course","source":"rr_page_data"}],"label":"","taskName":"Update Model in Memory","parent":"1614095547920_success_start","painted":false,"taskNotes":"<p><br></p>","condition":"Course","addedToConfig":false},"1678384829139":{"id":"1678384829139","type":"workflow","position":{},"workflowId":"","workflowName":null,"workflowType":"uiFlow","label":"","taskName":"Visual Logic Component","parent":"1602865421921","painted":false,"taskNotes":"<p><br></p>","callType":"","addedToConfig":false}},"decisionsMap":{"1614095547920":{"success":"1614095547920_success_start","failure":"1614095547920_failure_start","successEnd":"1614095547920_success_end","failureEnd":"1614095547920_failure_end","end":"1614095547920_end","root":false}},"active":false,"scheduler":false,"savedId":null,"workInProgress":false,"uiFLow":true,"startTaskId":"1602865421921","shouldSecure":false,"allowExecutionForAll":false,"testCase":false,"testSuite":false,"sequence":1,"internal":false,"triggeredFromBpm":false,"inputModel":null,"outputModel":null,"appName":null},
{"id":"60c951348f08954fd0254c5f","companyId":"5f47ce0c8f0815394ff3bd8a","createdDate":1713899183342,"updatedDate":1713899183342,"versionId":20,"referenceId":null,"systemStatus":"P","updatedByUserId":"5f4d87898f086f27a2ab1466","updatedByUserName":"Sean Stevens","systemStatusText":null,"userTypes":null,"requirementIds":null,"name":"Product_Management_Product_Add_Inventory_Main_Postload","sourceReferenceId":null,"sourceReferenceAppId":null,"lockedByUserId":null,"lockedByUserName":null,"publicArtifact":false,"enableOffline":false,"locked":false,"canUnlock":false,"publishComment":" ","importantPublish":false,"appId":"5f47f6258f0814ff0a91755e","folderId":"","initializer":["60c94f7a8f08954fd0254c45"],"triggerType":"uiEvent","flow":[],"createdBy":null,"lastModifiedBy":null,"objectsMap":{"1623806259910":{"id":"1623806259910","type":"startObject","value":["60c94f7a8f08954fd0254c45"],"taskName":"Start","triggerType":"uiEvent","addedToConfig":true,"painted":true,"position":{},"taskNotes":"<p><br></p>","desc":"Product_Management_Product_Add_Inventory_Main"},"16238062599101000":{"id":"16238062599101000","parent":"1696344856037switchEnd","systemExit":true,"type":"return","returnType":"exit","taskName":"Exit","label":"","addedToConfig":false,"painted":false,"position":{}},"1623806281741":{"id":"1623806281741","type":"service","value":"Get Auth Header","serviceType":"internal","serviceId":"getAuthHeader","position":{},"label":"","callType":"async","taskName":"Auth Header","parent":"1623806442516","painted":false,"desc":"Get Auth Header","taskNotes":"<p><br></p>","addedToConfig":false},"1623806302497":{"id":"1623806302497","type":"createDataObject","position":{},"condition":"API_StoreRequest","mapping":[{"name":"action","valueType":"constant","value":"GET","fieldType":"String","list":false,"rr_dynamic_field_name_type":"","fromModel":""},{"name":"actionType","valueType":"constant","value":"INVENTORY_PRODUCT_SEARCH","fieldType":"String","list":false,"rr_dynamic_field_name_type":"","fromModel":""},{"name":"contentSubType","valueType":"variable","value":"type","fieldType":"String","list":false,"rr_dynamic_field_name_type":"","fromModel":"Store_Products","source":"1623806383790"},{"name":"branchId","valueType":"variable","value":"_id","fieldType":"String","list":false,"rr_dynamic_field_name_type":"","fromModel":"Branch","source":"1623806442516"},{"name":"productId","valueType":"variable","value":"_id","fieldType":"String","list":false,"rr_dynamic_field_name_type":"","fromModel":"Store_Products","source":"1623806383790"}],"label":"","taskName":"API_StoreRequest","parent":"1623806281741","painted":false,"taskNotes":"<p><br></p>","addedToConfig":false,"showAllFields":false},"1623806306354":{"id":"1623806306354","type":"createDataObject","position":{},"condition":"API_MainRequest","mapping":[{"name":"rr_id","valueType":"variable","value":"tenantId","fieldType":"String","list":false,"rr_dynamic_field_name_type":"","fromModel":"Lookup_SystemInfo","source":"1705100026320"},{"name":"authHeader","valueType":"variable","value":null,"fieldType":"String","list":false,"rr_dynamic_field_name_type":"","source":"1623806281741"},{"name":"data","valueType":"variable","value":"rr_this_object","fieldType":"Object","list":false,"rr_dynamic_field_name_type":"","fromModel":"API_StoreRequest","source":"1623806302497"},{"name":"service","valueType":"constant","value":"5f91b4bc8f08eee59b0a4862","fieldType":"String","list":false,"rr_dynamic_field_name_type":"","fromModel":""}],"label":"","taskName":"API_MainRequest","parent":"1623806302497","painted":false,"taskNotes":"<p><br></p>","addedToConfig":false},"1623806383790":{"id":"1623806383790","type":"query","position":{},"source":null,"target":null,"mapping":null,"label":"","filterBy":"criteria","searchOption":"one","operator":"and","taskName":"Read CURRENT_STORE_PRODUCT","parent":"1705100026320","painted":false,"taskNotes":"<p><br></p>","saveType":"global","sourceVariable":"CURRENT_STORE_PRODUCT","modelName":"Store_Products","addedToConfig":false},"1623806442516":{"id":"1623806442516","type":"query","position":{},"source":null,"target":null,"mapping":null,"label":"","filterBy":"criteria","searchOption":"one","operator":"and","taskName":"Read CURRENT_BRANCH","parent":"1623806383790","painted":false,"taskNotes":"<p><br></p>","saveType":"global","sourceVariable":"CURRENT_BRANCH","modelName":"Branch","addedToConfig":false},"1623806519250":{"id":"1623806519250","type":"workflow","position":{},"workflowId":"5f47f8728f0814ff0a9176f6","workflowName":"Main_Web_Service_Caller","workflowType":"serverFlow","label":"","taskName":"Main Web Service Caller","parent":"1623806306354","painted":false,"callType":"sync","taskNotes":"<p><br></p>","inputTask":"1623806306354","inputValue":null,"outputDataModel":"API_MainResponse","addedToConfig":false},"1623806546680":{"id":"1623806546680","type":"service","value":"Get Value","serviceType":"internal","serviceId":"getValueFromObj","position":{},"label":"","callType":"async","taskName":"Get Value","parent":"1623806519250","painted":false,"desc":"Get Value","taskNotes":"<p><br></p>","inputTask":"1623806519250","inputValue":null,"targetVariable":"object","modelName":"SysQueryResult","addedToConfig":false},"1623806588766":{"id":"1623806588766","type":"persist","position":{},"source":"1623806546680","target":null,"mapping":null,"label":"","taskName":"Write INVENTORY_SEARCH_RESULTS","parent":"1623806546680","taskNotes":"<p><br></p>","saveType":"global","variable":"INVENTORY_SEARCH_RESULTS","modelName":"SysQueryResult","addedToConfig":false,"painted":false},"1696344856037switchEnd":{"id":"1696344856037switchEnd","switchId":"1696344856037","parent":"1696344923761caseEnd","position":{},"type":"switchEnd","taskName":"Switch End","painted":false,"addedToConfig":false},"1696344856037":{"id":"1696344856037","type":"wfSwitch","position":{},"label":"","expressionType":"variable","taskName":"Switch","parent":"1623806588766","painted":false,"taskNotes":"<p><br></p>","inputTask":"1623806383790","inputValue":"type","addedToConfig":false},"1696344861659caseEnd":{"id":"1696344861659caseEnd","caseId":"1696344861659","switchId":"1696344856037","parent":"1696345587485","position":{},"type":"caseEnd","taskName":"Break","painted":false,"addedToConfig":false},"1696344861659":{"id":"1696344861659","switchId":"1696344856037","type":"wfCase","position":{},"label":"","operator":"equals","taskName":"COURSE","parent":"1696344856037","painted":false,"taskNotes":"<p><br></p>","caseValue":"COURSE","addedToConfig":false},"1696344919889caseEnd":{"id":"1696344919889caseEnd","caseId":"1696344919889","switchId":"1696344856037","parent":"1696345591132","position":{},"type":"caseEnd","taskName":"Break","painted":false,"addedToConfig":false},"1696344919889":{"id":"1696344919889","switchId":"1696344856037","type":"wfCase","position":{},"label":"","operator":"equals","taskName":"DIGITAL","parent":"1696344861659caseEnd","painted":false,"taskNotes":"<p><br></p>","caseValue":"DIGITAL","addedToConfig":false},"1696344923761caseEnd":{"id":"1696344923761caseEnd","caseId":"1696344923761","switchId":"1696344856037","parent":"1696345595548","position":{},"type":"caseEnd","taskName":"Break","painted":false,"addedToConfig":false},"1696344923761":{"id":"1696344923761","switchId":"1696344856037","type":"wfCase","position":{},"label":"","operator":"equals","taskName":"PHYSICAL","parent":"1696344919889caseEnd","painted":false,"taskNotes":"<p><br></p>","caseValue":"PHYSICAL","addedToConfig":false},"1696345525526":{"id":"1696345525526","type":"rrUiComponent","position":{},"label":"","taskName":"Manipulate UI Component","screenId":["60c94f7a8f08954fd0254c45"],"parent":"1696344861659","painted":false,"addedToConfig":false,"customComponent":"","animationImageType":"","taskNotes":"<p><br></p>","rrComponentHierarchy":"1609357693567","rrComponentHierarchyType":"flexlayout","actionType":"show"},"1696345545966":{"id":"1696345545966","type":"rrUiComponent","position":{},"label":"","taskName":"Manipulate UI Component","screenId":["60c94f7a8f08954fd0254c45"],"parent":"1696344919889","painted":false,"addedToConfig":false,"customComponent":"","animationImageType":"","taskNotes":"<p><br></p>","rrComponentHierarchy":"1609357693567","rrComponentHierarchyType":"flexlayout","actionType":"hide"},"1696345549021":{"id":"1696345549021","type":"rrUiComponent","position":{},"label":"","taskName":"Manipulate UI Component","screenId":["60c94f7a8f08954fd0254c45"],"parent":"1696344923761","painted":false,"addedToConfig":false,"customComponent":"","animationImageType":"","taskNotes":"<p><br></p>","rrComponentHierarchy":"1609357693573","rrComponentHierarchyType":"text","actionType":"hide"},"1696345567541":{"id":"1696345567541","type":"rrUiComponent","position":{},"label":"","taskName":"Manipulate UI Component","screenId":["60c94f7a8f08954fd0254c45"],"parent":"1696345525526","painted":false,"addedToConfig":false,"customComponent":"","animationImageType":"","taskNotes":"<p><br></p>","rrComponentHierarchy":"1696350000869","rrComponentHierarchyType":"flexlayout","actionType":"hide"},"1696345571181":{"id":"1696345571181","type":"rrUiComponent","position":{},"label":"","taskName":"Manipulate UI Component","screenId":["60c94f7a8f08954fd0254c45"],"parent":"1696345545966","painted":false,"addedToConfig":false,"customComponent":"","animationImageType":"","taskNotes":"<p><br></p>","rrComponentHierarchy":"1696350000869","rrComponentHierarchyType":"flexlayout","actionType":"show"},"1696345575333":{"id":"1696345575333","type":"rrUiComponent","position":{},"label":"","taskName":"Manipulate UI Component","screenId":["60c94f7a8f08954fd0254c45"],"parent":"1696345549021","painted":false,"addedToConfig":false,"customComponent":"","animationImageType":"","taskNotes":"<p><br></p>","rrComponentHierarchy":"1696344638476","rrComponentHierarchyType":"text","actionType":"hide"},"1696345587485":{"id":"1696345587485","type":"rrUiComponent","position":{},"label":"","taskName":"Manipulate UI Component","screenId":["60c94f7a8f08954fd0254c45"],"parent":"1696345567541","painted":false,"addedToConfig":false,"customComponent":"","animationImageType":"","taskNotes":"<p><br></p>","rrComponentHierarchy":"1696350014583","rrComponentHierarchyType":"flexlayout","actionType":"hide"},"1696345591132":{"id":"1696345591132","type":"rrUiComponent","position":{},"label":"","taskName":"Manipulate UI Component","screenId":["60c94f7a8f08954fd0254c45"],"parent":"1696345571181","painted":false,"addedToConfig":false,"customComponent":"","animationImageType":"","taskNotes":"<p><br></p>","rrComponentHierarchy":"1696350014583","rrComponentHierarchyType":"flexlayout","actionType":"hide"},"1696345595548":{"id":"1696345595548","type":"rrUiComponent","position":{},"label":"","taskName":"Manipulate UI Component","screenId":["60c94f7a8f08954fd0254c45"],"parent":"1696345575333","painted":false,"addedToConfig":false,"customComponent":"","animationImageType":"","taskNotes":"<p><br></p>","rrComponentHierarchy":"1696350014583","rrComponentHierarchyType":"flexlayout","actionType":"show"},"1705100026320":{"id":"1705100026320","type":"query","position":{},"source":null,"target":null,"mapping":null,"label":"","filterBy":"criteria","searchOption":"one","operator":"and","taskName":"Read SYSTEM_INFO","parent":"1623806259910","painted":false,"taskNotes":"<p><br></p>","saveType":"global","sourceVariable":"SYSTEM_INFO","modelName":"Lookup_SystemInfo","addedToConfig":false}},"decisionsMap":{},"active":false,"scheduler":false,"savedId":null,"workInProgress":false,"uiFLow":true,"startTaskId":"1623806259910","shouldSecure":false,"allowExecutionForAll":false,"testCase":false,"testSuite":false,"sequence":1,"internal":false,"triggeredFromBpm":false,"inputModel":null,"outputModel":null,"appName":null},
{"id":"617c47038f0831fa9892c988","companyId":"5f47ce0c8f0815394ff3bd8a","createdDate":1705100069635,"updatedDate":1705100069635,"versionId":5,"referenceId":null,"systemStatus":"P","updatedByUserId":"5f4d87978f086f27a2ab1467","updatedByUserName":"Chris Lamberth","systemStatusText":null,"userTypes":null,"requirementIds":null,"name":"Product_Management_Product_Add_Inventory_Search","sourceReferenceId":null,"sourceReferenceAppId":null,"lockedByUserId":null,"lockedByUserName":null,"publicArtifact":false,"enableOffline":false,"locked":false,"canUnlock":false,"publishComment":" ","importantPublish":false,"appId":"5f47f6258f0814ff0a91755e","folderId":"","initializer":["60c94f7a8f08954fd0254c45"],"triggerType":"uiEvent","flow":[],"createdBy":null,"lastModifiedBy":null,"objectsMap":{"1623806259910":{"id":"1623806259910","type":"startObject","value":["60c94f7a8f08954fd0254c45"],"taskName":"Start","triggerType":"uiEvent","addedToConfig":true,"painted":true,"position":{},"taskNotes":"<p><br></p>","desc":"Product_Management_Product_Add_Inventory_Main"},"16238062599101000":{"id":"16238062599101000","parent":"1623806588766","systemExit":true,"type":"return","returnType":"exit","taskName":"Exit","label":"","addedToConfig":false,"painted":false,"position":{}},"1623806281741":{"id":"1623806281741","type":"service","value":"Get Auth Header","serviceType":"internal","serviceId":"getAuthHeader","position":{},"label":"","callType":"async","taskName":"Auth Header","parent":"1623806442516","painted":false,"desc":"Get Auth Header","taskNotes":"<p><br></p>","addedToConfig":false},"1623806302497":{"id":"1623806302497","type":"createDataObject","position":{},"condition":"API_StoreRequest","mapping":[{"name":"productId","valueType":"variable","value":"_id","fieldType":"String","list":false,"rr_dynamic_field_name_type":"","fromModel":"Store_Products","source":"1623806383790"},{"name":"userSearchType1","valueType":"variable","value":"userSearchType","fieldType":"String","list":false,"rr_dynamic_field_name_type":"","fromModel":"TR_Main_Dashboard","source":"rr_page_data"},{"name":"action","valueType":"constant","value":"GET","fieldType":"String","list":false,"rr_dynamic_field_name_type":"","fromModel":""},{"name":"actionType","valueType":"constant","value":"INVENTORY_PRODUCT_SEARCH","fieldType":"String","list":false,"rr_dynamic_field_name_type":"","fromModel":""},{"name":"contentSubType","valueType":"variable","value":"type","fieldType":"String","list":false,"rr_dynamic_field_name_type":"","fromModel":"Store_Products","source":"1623806383790"},{"name":"branchId","valueType":"variable","value":"_id","fieldType":"String","list":false,"rr_dynamic_field_name_type":"","fromModel":"Branch","source":"1623806442516"},{"name":"userSearchInput1","valueType":"variable","value":"userSearchInput1","fieldType":"String","list":false,"rr_dynamic_field_name_type":"","fromModel":"TR_Main_Dashboard","source":"rr_page_data"}],"label":"","taskName":"Create Model Record","parent":"1623806281741","painted":false,"taskNotes":"<p><br></p>","addedToConfig":false},"1623806306354":{"id":"1623806306354","type":"createDataObject","position":{},"condition":"API_MainRequest","mapping":[{"name":"rr_id","valueType":"variable","value":"tenantId","fieldType":"String","list":false,"rr_dynamic_field_name_type":"","fromModel":"Lookup_SystemInfo","source":"1705100056334"},{"name":"authHeader","valueType":"variable","value":null,"fieldType":"String","list":false,"rr_dynamic_field_name_type":"","source":"1623806281741"},{"name":"data","valueType":"variable","value":"rr_this_object","fieldType":"Object","list":false,"rr_dynamic_field_name_type":"","fromModel":"API_StoreRequest","source":"1623806302497"},{"name":"service","valueType":"constant","value":"5f91b4bc8f08eee59b0a4862","fieldType":"String","list":false,"rr_dynamic_field_name_type":"","fromModel":""}],"label":"","taskName":"Create Model Record","parent":"1635534697370_end","painted":false,"taskNotes":"<p><br></p>","addedToConfig":false},"1623806383790":{"id":"1623806383790","type":"query","position":{},"source":null,"target":null,"mapping":null,"label":"","filterBy":"criteria","searchOption":"one","operator":"and","taskName":"Read CURRENT_STORE_PRODUCT","parent":"1705100056334","painted":false,"taskNotes":"<p><br></p>","saveType":"global","sourceVariable":"CURRENT_STORE_PRODUCT","modelName":"Store_Products","addedToConfig":false},"1623806442516":{"id":"1623806442516","type":"query","position":{},"source":null,"target":null,"mapping":null,"label":"","filterBy":"criteria","searchOption":"one","operator":"and","taskName":"Read CURRENT_BRANCH","parent":"1623806383790","painted":false,"taskNotes":"<p><br></p>","saveType":"global","sourceVariable":"CURRENT_BRANCH","modelName":"Branch","addedToConfig":false},"1623806519250":{"id":"1623806519250","type":"workflow","position":{},"workflowId":"5f47f8728f0814ff0a9176f6","workflowName":"Main_Web_Service_Caller","workflowType":"serverFlow","label":"","taskName":"Visual Logic Component","parent":"1623806306354","painted":false,"callType":"sync","taskNotes":"<p><br></p>","inputTask":"1623806306354","inputValue":null,"outputDataModel":"API_MainResponse","addedToConfig":false},"1623806546680":{"id":"1623806546680","type":"service","value":"Get Value","serviceType":"internal","serviceId":"getValueFromObj","position":{},"label":"","callType":"async","taskName":"Local Service","parent":"1623806519250","painted":false,"desc":"Get Value","taskNotes":"<p><br></p>","inputTask":"1623806519250","inputValue":null,"targetVariable":"object","modelName":"Store_Inventory","addedToConfig":false},"1623806588766":{"id":"1623806588766","type":"persist","position":{},"source":"1623806546680","target":null,"mapping":null,"label":"","taskName":"Write INVENTORY_SEARCH_RESULTS","parent":"1623806546680","taskNotes":"<p><br></p>","saveType":"global","variable":"INVENTORY_SEARCH_RESULTS","modelName":"Store_Inventory","addedToConfig":false,"painted":false},"1635534697370_end":{"id":"1635534697370_end","decisionId":"1635534697370","position":{},"type":"decisionEnd","painted":false,"addedToConfig":false},"1635534697370_success_start":{"id":"1635534697370_success_start","decisionId":"1635534697370","parent":"1635534697370","position":{},"type":"decisionSucessStart","painted":false,"addedToConfig":false},"1635534697370_failure_start":{"id":"1635534697370_failure_start","decisionId":"1635534697370","parent":"1635534697370","position":{},"type":"decisionFailureStart","painted":false,"addedToConfig":false},"1635534697370_success_end":{"id":"1635534697370_success_end","decisionId":"1635534697370","parent":"1635534797132","position":{},"type":"decisionSucessEnd","painted":false,"addedToConfig":false},"1635534697370_failure_end":{"id":"1635534697370_failure_end","decisionId":"1635534697370","parent":"1635534697370_failure_start","position":{},"type":"decisionFailureEnd","painted":false,"addedToConfig":false},"1635534697370":{"id":"1635534697370","type":"decision","newMapping":true,"position":{},"condition":null,"serviceName":null,"serviceType":null,"operator":"and","mapping":[{"sourceType":"variable","sourceValue":"userSearchType","source":"rr_page_data","sourceFieldType":"String","sourceModel":"TR_Main_Dashboard","isSourceList":false,"targetType":"variable","targetValue":null,"target":null,"targetFieldType":null,"targetModel":"","isTargetList":null,"comparator":"empty"}],"label":"","parent":"1623806302497","painted":false,"taskNotes":"<p><br></p>","addedToConfig":false},"1635534797132":{"id":"1635534797132","type":"dataTransfer","position":{},"source":"mddui_page_input_data","sourceType":"page","sourceVariable":"","targetType":"page","target":"1623806302497","targetVariable":null,"resultVariable":null,"mapping":[{"name":"userSearchType1","valueType":"constant","value":null,"fieldType":"String","list":false,"rr_dynamic_field_name_type":"","fromModel":""}],"label":"","taskName":"Update Model in Memory","parent":"1635534697370_success_start","painted":false,"taskNotes":"<p><br></p>","condition":"API_StoreRequest","addedToConfig":false},"1705100056334":{"id":"1705100056334","type":"query","position":{},"source":null,"target":null,"mapping":null,"label":"","filterBy":"criteria","searchOption":"one","operator":"and","taskName":"Read SYSTEM_INFO","parent":"1623806259910","painted":false,"taskNotes":"<p><br></p>","saveType":"global","sourceVariable":"SYSTEM_INFO","modelName":"Lookup_SystemInfo","addedToConfig":false}},"decisionsMap":{"1635534697370":{"success":"1635534697370_success_start","failure":"1635534697370_failure_start","successEnd":"1635534697370_success_end","failureEnd":"1635534697370_failure_end","end":"1635534697370_end","root":true}},"active":false,"scheduler":false,"savedId":null,"workInProgress":false,"uiFLow":true,"startTaskId":"1623806259910","shouldSecure":false,"allowExecutionForAll":false,"testCase":false,"testSuite":false,"sequence":1,"internal":false,"triggeredFromBpm":false,"inputModel":null,"outputModel":null,"appName":null}]