[{"id":"627acfbb8f08bf10ebb6fbe6","companyId":"5f47ce0c8f0815394ff3bd8a","createdDate":1714494786841,"updatedDate":1714494786841,"versionId":9,"referenceId":null,"systemStatus":"P","updatedByUserId":"5fa999cf8f08eee59b0a70e1","updatedByUserName":"Mark Bonham","systemStatusText":null,"userTypes":[],"requirementIds":[],"name":"Branch_Instructor_Settings_Add_Rank","sourceReferenceId":null,"sourceReferenceAppId":null,"lockedByUserId":null,"lockedByUserName":null,"publicArtifact":false,"enableOffline":false,"locked":false,"canUnlock":false,"publishComment":"Branch Styles","importantPublish":false,"appId":"5f47f6258f0814ff0a91755e","folderId":null,"desc":null,"loadDataFrom":"model","dataModel":"TR_Main_Dashboard","webserviceId":null,"webserviceOutput":null,"preLoadWorkflowId":null,"workflowId":"627ad11f8f08bf10ebb6fc10","backButtonWorkflowId":null,"targetDevice":"browser","detachTemplate":true,"templateId":"","landscapeTemplateId":"","defaultTemplate":"portrait","config":{"type":"panel","style":{"width":"100%","height":"100%"},"direction":"layout-box horizontal align-start pack-start","fields":[{"type":"flexlayout","componentName":"","componentType":"vbox","class":"sortable","direction":"vertical","align":"start","pack":"stretch","style":{"width":"100%","height":"100%","display":"flex","padding-top":"20px","padding-left":"20px","padding-right":"20px","padding-bottom":"20px"},"hasChild":false,"id":1651679611706,"childStyle":{},"fields":[{"type":"flexlayout","componentName":"","componentType":"vbox","class":"sortable","direction":"vertical","align":"start","pack":"stretch","style":{"border-radius":"4px","border-top-left-radius":"4px","border-top-right-radius":"4px","border-bottom-right-radius":"4px","border-bottom-left-radius":"4px","width":"35px","height":"35px","display":"flex","padding-top":"0px","padding-left":"0px","padding-right":"0px","padding-bottom":"0px","position":"absolute","top":"5px","right":"18px","z-index":"55"},"hasChild":false,"id":1651864430794,"childStyle":{},"dynamicStyles":{},"background-color":{"isTransparent":false,"isChildTransparent":false},"fields":[{"type":"button","componentName":"","componentType":"button","class":"btn btn-primary","style":{"background-color":"transparent","background-position":"center center","background-repeat":"no-repeat","background-size":"contain","border-style":"none","width":"35px","height":"35px","margin-top":"0px","margin-left":"0px","margin-right":"0px","margin-bottom":"0px","padding-top":"0px","padding-left":"0px","padding-right":"0px","padding-bottom":"0px","font-size":"25px"},"hasChild":false,"id":1651864430795,"dynamicStyles":{"color":{"isDynamic":true,"dataSourceType":"global","dataSourcefieldName":"primaryBGColorText","dataSourceKey":"BRANCH_STYLES","dataSourceModelName":"Branch_Styles"}},"background-color":{"isTransparent":false,"isChildTransparent":false}}],"rrCSSClass":["panel_Highlight"]},{"type":"flexlayout","componentName":"","componentType":"vbox","class":"sortable","direction":"vertical","align":"start","pack":"stretch","style":{"width":"100%","height":"calc(100% - 50px)","display":"flex","margin-bottom":"20px","padding-top":"30px"},"hasChild":false,"id":1651679611712,"childStyle":{},"fields":[{"type":"pageInclude","class":"someClass orTwo","componentType":"pageInclude","style":{"width":"100%"},"hasChild":true,"id":1651853325834,"childStyle":{},"dynamicStyles":{},"dynamicChildStyles":{},"background-color":{"isTransparent":false,"isChildTransparent":false}}],"dynamicStyles":{},"background-color":{"isTransparent":false,"isChildTransparent":false}},{"type":"flexlayout","componentName":"","componentType":"vbox","class":"sortable","direction":"vertical","align":"start","pack":"stretch","style":{"width":"100%","display":"flex","padding-bottom":"10px","align-items":"center"},"hasChild":false,"id":1651679611727,"childStyle":{},"fields":[{"type":"button","componentName":"","componentType":"button","class":"btn btn-primary","style":{"border-style":"none","display":"none","padding-top":"12px","padding-left":"30px","padding-right":"30px","padding-bottom":"12px","font-size":"1em","font-weight":"bold"},"hasChild":false,"id":1651679611728,"dynamicStyles":{"background-color":{"isDynamic":true,"dataSourceType":"global","dataSourcefieldName":"secondaryButtonColor","dataSourceKey":"BRANCH_STYLES","dataSourceModelName":"Branch_Styles"},"color":{"isDynamic":true,"dataSourceType":"global","dataSourcefieldName":"secondaryButtonTextColor","dataSourceKey":"BRANCH_STYLES","dataSourceModelName":"Branch_Styles"}},"background-color":{"isTransparent":false,"isChildTransparent":false},"name":"Create","rrStyles":["Button Style"]},{"type":"button","componentName":"","componentType":"button","class":"btn btn-primary","style":{"border-style":"none","padding-top":"12px","padding-left":"30px","padding-right":"30px","padding-bottom":"12px","font-size":"1em","font-weight":"bold"},"hasChild":false,"id":1651679569393,"dynamicStyles":{"background-color":{"isDynamic":true,"dataSourceType":"global","dataSourcefieldName":"primaryButtonColor","dataSourceKey":"BRANCH_STYLES","dataSourceModelName":"Branch_Styles"},"color":{"isDynamic":true,"dataSourceType":"global","dataSourcefieldName":"primaryButtonTextColor","dataSourceKey":"BRANCH_STYLES","dataSourceModelName":"Branch_Styles"}},"background-color":{"isTransparent":false,"isChildTransparent":false},"name":"Save","rrStyles":["Button Style"]}],"dynamicStyles":{},"background-color":{"isTransparent":false,"isChildTransparent":false}}],"dynamicStyles":{"background-color":{"isDynamic":true,"dataSourceType":"global","dataSourcefieldName":"secondaryBGColor","dataSourceKey":"BRANCH_STYLES","dataSourceModelName":"Branch_Styles"}},"background-color":{"isTransparent":false,"isChildTransparent":false}}],"id":1651679569385,"childStyle":{},"dynamicStyles":{}},"portraitConfig":null,"landscapeConfig":null,"pageBuilderConfig":{"1651679569385":{"listeners":{"click":{"workflow":"","submit":false},"drag":{"workflow":"","submit":false}},"cssClassNamedataSourceType":""},"1651679611706":{"listeners":{"click":{"workflow":"","submit":false,"type":"workflow","success":{"type":"goTo","screenId":""}},"drag":{"workflow":"","submit":false},"doubleclick":{"type":"workflow","success":{"type":"goTo","screenId":""}}},"hoverTxtdataSourceType":""},"1651679611728":{"listeners":{"click":{"workflow":"627ad2458f08bf10ebb6fc26","submit":false,"type":"workflow","success":{"type":"goTo","screenId":""}},"longPress":{"workflow":"","submit":false}},"cssClassNamedataSourceType":"","dataSourceType":"constant","badgedataSourceType":"","hoverTxtdataSourceType":"","filter":"","ellipsis":"","dataSourcefieldName":"Create"},"1651679569393":{"listeners":{"click":{"workflow":"627be11d8f08bf10ebb6fe48","submit":false,"type":"workflow","success":{"type":"goTo","screenId":""}},"longPress":{"workflow":"","submit":false}},"dataSourceType":"constant","dataSourcefieldName":"Save","badgedataSourceType":"","hoverTxtdataSourceType":"","filter":"","ellipsis":"","cssClassNamedataSourceType":"","labelKey":"Save"},"1651679611712":{"listeners":{"click":{"workflow":"","submit":false},"drag":{"workflow":"","submit":false}},"cssClassNamedataSourceType":""},"1651679611727":{"listeners":{"click":{"workflow":"","submit":false,"type":"workflow","success":{"type":"goTo","screenId":""}},"drag":{"workflow":"","submit":false},"doubleclick":{"type":"workflow","success":{"type":"goTo","screenId":""}}},"cssClassNamedataSourceType":"","hoverTxtdataSourceType":""},"1651853325834":{"DynaCCdataSourceType":"","DynaInputdataSourceType":"","fieldName":"rr_page_data","cssClassNamedataSourceType":""},"1651864430794":{"listeners":{"click":{"workflow":"","submit":false,"type":"workflow","success":{"type":"goTo","screenId":""}},"drag":{"workflow":"","submit":false},"doubleclick":{"type":"workflow","success":{"type":"goTo","screenId":""}}},"hoverTxtdataSourceType":"","cssClassNamedataSourceType":""},"1651864430795":{"listeners":{"click":{"workflow":"5fb2a9ba8f08eee59b0a82cb","submit":false,"type":"workflow","success":{"type":"goTo","screenId":""}},"longPress":{"workflow":"","submit":false}},"filter":"","ellipsis":"","dataSourceType":"constant","badgedataSourceType":"","hoverTxtdataSourceType":"","dataSourcefieldName":"<i class=\"fal fa-times\"></i>","cssClassNamedataSourceType":""},"dataModel":"TR_Main_Dashboard"},"gridLayoutConfig":{"cols":1,"rows":1,"gridgap":{"int":0,"unit":"em"},"autoflow":true,"explicit":{"colValues":"auto","rowValues":"auto"}},"savedId":null,"workInProgress":false,"status":null,"createdBy":null,"lastModifiedBy":null,"deleted":false,"customComponent":true,"style":false,"animation":false,"styleComponentType":null,"hidden":false,"hideDrawer":false,"lockOrientation":null,"screenShotData":null,"customComponentScreenShot":false,"eventMappings":null,"layoutRows":0,"layoutCols":0,"enableRuntimeConfiguration":false,"inputs":null,"timerWorkflowId":null,"timeInterval":0,"label":null,"leftArrowWorkflowId":null,"rightArrowWorkflowId":null,"bpmManaged":false,"category":null,"displaySeq":0,"rowCounter":0,"columnCounter":0,"aiHtml":null,"customization":null,"pageData":null}]