[{"id":"626c15f58f08bf10ebb6e9ec","companyId":"5f47ce0c8f0815394ff3bd8a","createdDate":1719590041006,"updatedDate":1719590041006,"versionId":10,"referenceId":null,"systemStatus":"P","updatedByUserId":"5f4d87978f086f27a2ab1467","updatedByUserName":"Chris Lamberth","systemStatusText":null,"userTypes":[],"requirementIds":[],"name":"User_Account_Profile_View_Add_User_Tag_Search","sourceReferenceId":null,"sourceReferenceAppId":null,"lockedByUserId":null,"lockedByUserName":null,"publicArtifact":false,"enableOffline":false,"locked":false,"canUnlock":false,"publishComment":" ","importantPublish":false,"appId":"5f47f6258f0814ff0a91755e","folderId":null,"desc":null,"loadDataFrom":"model","dataModel":"TR_Main_Dashboard","webserviceId":null,"webserviceOutput":null,"preLoadWorkflowId":"626c16248f08bf10ebb6ea05","workflowId":null,"backButtonWorkflowId":null,"targetDevice":"browser","detachTemplate":true,"templateId":"","landscapeTemplateId":"","defaultTemplate":"portrait","config":{"type":"panel","style":{"width":"100%","height":"100%"},"direction":"layout-box horizontal align-start pack-start","fields":[{"type":"flexlayout","componentName":"","componentType":"vbox","class":"sortable","direction":"vertical","align":"start","pack":"stretch","style":{"width":"100%","height":"100%","display":"flex","padding-top":"20px","padding-left":"20px","padding-right":"20px","padding-bottom":"20px"},"hasChild":false,"id":1650419299017,"childStyle":{},"dynamicStyles":{"background-color":{"isDynamic":true,"dataSourceType":"global","dataSourcefieldName":"primaryBGColor","dataSourceKey":"BRANCH_STYLES","dataSourceModelName":"Branch_Styles"}},"background-color":{"isTransparent":false,"isChildTransparent":false},"fields":[{"type":"flexlayout","componentName":"","componentType":"vbox","class":"sortable","direction":"vertical","align":"start","pack":"stretch","style":{"display":"flex","padding-top":"0px","padding-left":"0px","padding-right":"0px","padding-bottom":"0px","position":"absolute","top":"5px","right":"18px","z-index":"55"},"hasChild":false,"id":1650419299018,"childStyle":{},"dynamicStyles":{},"background-color":{"isTransparent":false,"isChildTransparent":false},"fields":[{"type":"button","componentName":"","componentType":"button","class":"btn btn-primary","style":{"background-color":"transparent","background-position":"center center","background-repeat":"no-repeat","background-size":"contain","border-style":"none","width":"40px","height":"40px","margin-top":"0px","margin-left":"0px","margin-right":"0px","margin-bottom":"0px","padding-top":"0px","padding-left":"0px","padding-right":"0px","padding-bottom":"0px","font-size":"25px"},"hasChild":false,"id":1650419299019,"dynamicStyles":{"color":{"isDynamic":true,"dataSourceType":"global","dataSourcefieldName":"primaryBGColorText","dataSourceKey":"BRANCH_STYLES","dataSourceModelName":"Branch_Styles"}},"background-color":{"isTransparent":false,"isChildTransparent":false}}]},{"type":"flexlayout","componentName":"","componentType":"vbox","class":"sortable","direction":"vertical","align":"start","pack":"stretch","style":{"border-radius":"0px","border-width":"0px","border-left-width":"0px","border-right-width":"0px","border-top-width":"0px","border-bottom-width":"0px","border-style":"solid","border-color":"rgb(235, 235, 235)","border-top-left-radius":"0px","border-top-right-radius":"0px","border-bottom-right-radius":"0px","border-bottom-left-radius":"0px","width":"100%","height":"100%","display":"flex","margin-top":"0px","margin-left":"0px","margin-right":"0px","margin-bottom":"0px","padding-top":"20px","padding-left":"0px","padding-right":"0px","padding-bottom":"0px","overflow-y":"auto","flex-direction":"column"},"hasChild":false,"id":1650419299020,"childStyle":{},"dynamicStyles":{},"background-color":{"isTransparent":false,"isChildTransparent":false},"fields":[{"type":"flexlayout","componentName":"","componentType":"vbox","class":"sortable","direction":"vertical","align":"start","pack":"stretch","style":{"width":"100%","display":"flex","padding-top":"0px","padding-left":"0px","padding-right":"0px","padding-bottom":"0px","flex-direction":"row","align-items":"center"},"hasChild":false,"id":1650419299021,"childStyle":{},"fields":[{"type":"flexlayout","componentName":"","componentType":"vbox","class":"sortable","direction":"vertical","align":"start","pack":"stretch","style":{"width":"100%","display":"flex","margin-top":"0px","margin-left":"0px","margin-right":"0px","margin-bottom":"2em","padding-top":"0","padding-left":"0","padding-right":"0","padding-bottom":"0","position":"relative","flex-direction":"row","justify-content":"center","align-items":"center"},"hasChild":false,"id":1650419299022,"childStyle":{},"dynamicStyles":{},"background-color":{"isTransparent":false,"isChildTransparent":false},"fields":[{"type":"flexlayout","componentName":"","componentType":"vbox","class":"sortable","direction":"vertical","align":"start","pack":"stretch","style":{"border-radius":"0px","border-width":"0px","border-left-width":"0px","border-right-width":"0px","border-top-width":"0px","border-bottom-width":"0px","border-top-left-radius":"0px","border-top-right-radius":"0px","border-bottom-right-radius":"0px","border-bottom-left-radius":"0px","width":"120px","height":"40px","display":"none","margin-top":"0px","margin-left":"0px","margin-right":"0px","margin-bottom":"0px","padding-top":"0","padding-left":"0","padding-right":"0","padding-bottom":"0","justify-content":"center","align-self":"center"},"hasChild":false,"id":1650419299023,"childStyle":{},"dynamicStyles":{},"background-color":{"isTransparent":false,"isChildTransparent":false},"fields":[{"type":"select","componentName":"","componentType":"select","class":"someClass orTwo","style":{"border-radius":"0px","border-width":"1px","border-left-width":"1px","border-right-width":"0px","border-top-width":"1px","border-bottom-width":"1px","border-style":"solid","border-color":"rgb(204, 204, 204)","border-top-left-radius":"4px","border-top-right-radius":"0px","border-bottom-right-radius":"0px","border-bottom-left-radius":"4px","width":"100%","height":"40px","margin-top":"5px","margin-left":"0px","margin-right":"0px","margin-bottom":"0px","padding-top":"0px","padding-left":"0px","padding-right":"0.6rem","padding-bottom":"0px","font-family":"Montserrat"},"hasChild":false,"id":1650419299024,"dynamicStyles":{},"background-color":{"isTransparent":false,"isChildTransparent":false}}]},{"type":"flexlayout","componentName":"","componentType":"vbox","class":"sortable","direction":"vertical","align":"start","pack":"stretch","style":{"border-radius":"0px","border-top-left-radius":"0px","border-top-right-radius":"0px","border-bottom-right-radius":"0px","border-bottom-left-radius":"0px","width":"470px","height":"40px","display":"flex","min-width":"5em","max-width":"40em","margin-top":"0px","margin-left":"0px","margin-right":"0px","margin-bottom":"0px","padding-top":"0","padding-left":"0","padding-right":"0","padding-bottom":"0"},"hasChild":false,"id":1650419299025,"childStyle":{},"fields":[{"type":"input","componentName":"","componentType":"input","class":"someClass orTwo","placeholder":"","inputType":"text","style":{"border-radius":"0px","border-width":"1px","border-left-width":"1px","border-right-width":"0px","border-top-width":"1px","border-bottom-width":"1px","border-color":"rgb(204, 204, 204)","border-top-left-radius":"0px","border-top-right-radius":"0px","border-bottom-right-radius":"0px","border-bottom-left-radius":"0px","height":"40px","display":"flex","min-width":"3em","margin-top":"0px","margin-left":"0px","margin-right":"0px","margin-bottom":"0px","padding-top":"0px","padding-left":"10px","padding-right":"0px","padding-bottom":"0px"},"hasChild":false,"id":1650419299026,"dynamicStyles":{},"background-color":{"isTransparent":false,"isChildTransparent":false}}],"dynamicStyles":{},"background-color":{"isTransparent":false,"isChildTransparent":false}},{"type":"button","componentName":"","componentType":"button","class":"btn btn-primary","style":{"background-position":"center center","background-repeat":"no-repeat","background-size":"24px","border-radius":"0px","border-width":"1px","border-left-width":"1px","border-right-width":"1px","border-top-width":"1px","border-bottom-width":"1px","border-style":"none","border-top-left-radius":"0px","border-top-right-radius":"4px","border-bottom-right-radius":"4px","border-bottom-left-radius":"0px","width":"40px","height":"40px","margin-top":"0px","margin-left":"0px","margin-right":"0px","margin-bottom":"0px","padding-top":"0px","padding-left":"0px","padding-right":"0px","padding-bottom":"0px","font-size":"22px","position":"relative"},"hasChild":false,"id":1650419299027,"dynamicStyles":{"background-color":{"isDynamic":true,"dataSourceType":"global","dataSourcefieldName":"secondaryHeaderColor","dataSourceKey":"BRANCH_STYLES","dataSourceModelName":"Branch_Styles"},"color":{"isDynamic":true,"dataSourceType":"global","dataSourcefieldName":"secondaryHeaderTextColor","dataSourceKey":"BRANCH_STYLES","dataSourceModelName":"Branch_Styles"}},"background-color":{"isTransparent":false,"isChildTransparent":false}}],"rrStyles":[],"name":"search"}],"dynamicStyles":{},"background-color":{"isTransparent":false,"isChildTransparent":false}},{"type":"flexlayout","componentName":"","componentType":"vbox","class":"sortable","direction":"vertical","align":"start","pack":"stretch","style":{"border-width":"0","border-left-width":"0","border-right-width":"0","border-top-width":"0","border-bottom-width":"1px","border-style":"solid","width":"100%","display":"flex","padding-top":"10px","padding-left":"10px","padding-right":"40px","flex-direction":"row","justify-content":"space-between","align-items":"center"},"hasChild":false,"id":1651247716643,"childStyle":{},"dynamicStyles":{},"fields":[{"type":"text","componentName":"","componentType":"input","class":"text-wrap","style":{"width":"45%","font-family":"Montserrat","font-size":"12px"},"hasChild":false,"id":1651247716644,"dynamicStyles":{"color":{"isDynamic":true,"dataSourceType":"global","dataSourcefieldName":"primaryBGColorText","dataSourceKey":"BRANCH_STYLES","dataSourceModelName":"Branch_Styles"}},"background-color":{"isTransparent":false,"isChildTransparent":false}},{"type":"text","componentName":"","componentType":"input","class":"text-wrap","style":{"width":"15%","font-family":"Montserrat","font-size":"12px","text-align":"center"},"hasChild":false,"id":1651247716645,"dynamicStyles":{"color":{"isDynamic":true,"dataSourceType":"global","dataSourcefieldName":"primaryBGColorText","dataSourceKey":"BRANCH_STYLES","dataSourceModelName":"Branch_Styles"}},"background-color":{"isTransparent":false,"isChildTransparent":false}},{"type":"text","componentName":"","componentType":"input","class":"text-wrap","style":{"width":"15%","font-family":"Montserrat","font-size":"12px","text-align":"center"},"hasChild":false,"id":1651247716646,"dynamicStyles":{"color":{"isDynamic":true,"dataSourceType":"global","dataSourcefieldName":"primaryBGColorText","dataSourceKey":"BRANCH_STYLES","dataSourceModelName":"Branch_Styles"}},"background-color":{"isTransparent":false,"isChildTransparent":false}}],"background-color":{"isTransparent":false,"isChildTransparent":false}},{"type":"flexlayout","componentName":"","componentType":"vbox","class":"sortable","direction":"vertical","align":"start","pack":"stretch","style":{"width":"100%","display":"flex","margin-top":"0px","margin-left":"0px","margin-right":"0px","margin-bottom":"0px","padding-top":"0px","padding-left":"0px","padding-right":"0px","padding-bottom":"0px","flex-direction":"row","align-items":"center","align-self":"center"},"hasChild":false,"id":1650419299033,"childStyle":{},"fields":[{"type":"list","class":"someClass orTwo","componentType":"list","style":{"border-radius":"0","border-top-left-radius":"0","border-top-right-radius":"0","border-bottom-right-radius":"0","border-bottom-left-radius":"0","width":"100%","margin-top":"0px","margin-left":"0px","margin-right":"0px","margin-bottom":"0px","padding-top":"0px","padding-left":"0px","padding-right":"0px","padding-bottom":"0px"},"hasChild":true,"id":1650419299036,"dynamicStyles":{},"dynamicChildStyles":{},"background-color":{"isTransparent":false,"isChildTransparent":false},"name":"tag_list"}],"dynamicStyles":{},"background-color":{"isTransparent":false,"isChildTransparent":false}}]}]}],"id":1650419245553,"childStyle":{},"dynamicStyles":{}},"portraitConfig":null,"landscapeConfig":null,"pageBuilderConfig":{"1650419245553":{"listeners":{"click":{"workflow":"","submit":false},"drag":{"workflow":"","submit":false}},"cssClassNamedataSourceType":""},"1650419299017":{"listeners":{"click":{"workflow":"","submit":false,"type":"workflow","success":{"type":"goTo","screenId":""}},"drag":{"workflow":"","submit":false},"doubleclick":{"type":"workflow","success":{"type":"goTo","screenId":""}}},"hoverTxtdataSourceType":"","cssClassNamedataSourceType":""},"1650419299018":{"listeners":{"click":{"workflow":"","submit":false,"type":"workflow","success":{"type":"goTo","screenId":""}},"drag":{"workflow":"","submit":false},"doubleclick":{"type":"workflow","success":{"type":"goTo","screenId":""}}},"hoverTxtdataSourceType":"","cssClassNamedataSourceType":""},"1650419299019":{"listeners":{"click":{"workflow":"5fb2a9ba8f08eee59b0a82cb","submit":false,"type":"workflow","success":{"type":"goTo","screenId":""}},"longPress":{"workflow":"","submit":false}},"filter":"","ellipsis":"","dataSourceType":"constant","badgedataSourceType":"","hoverTxtdataSourceType":"","dataSourcefieldName":"<i class=\"fal fa-times\"></i>","cssClassNamedataSourceType":""},"1650419299020":{"listeners":{"click":{"workflow":"","submit":false,"type":"workflow","success":{"type":"goTo","screenId":""}},"drag":{"workflow":"","submit":false},"doubleclick":{"type":"workflow","success":{"type":"goTo","screenId":""}}},"hoverTxtdataSourceType":"","cssClassNamedataSourceType":""},"1650419299021":{"listeners":{"click":{"workflow":"","submit":false,"type":"workflow","success":{"type":"goTo","screenId":""}},"drag":{"workflow":"","submit":false},"doubleclick":{"type":"workflow","success":{"type":"goTo","screenId":""}}},"hoverTxtdataSourceType":""},"1650419299022":{"listeners":{"click":{"workflow":"","submit":false,"type":"workflow","success":{"type":"goTo","screenId":""}},"drag":{"workflow":"","submit":false},"doubleclick":{"type":"workflow","success":{"type":"goTo","screenId":""}}},"hoverTxtdataSourceType":"","cssClassNamedataSourceType":""},"1650419299023":{"listeners":{"click":{"workflow":"","submit":false,"type":"workflow","success":{"type":"goTo","screenId":""}},"drag":{"workflow":"","submit":false},"doubleclick":{"type":"workflow","success":{"type":"goTo","screenId":""}}},"hoverTxtdataSourceType":"","cssClassNamedataSourceType":""},"1650419299024":{"options":[{"label":"First Name","value":"firstName","labelKey":"First Name"},{"label":"Last Name","value":"lastName","checked":null,"labelKey":"Last Name"}],"listeners":{"select":{"workflow":"","submit":false,"type":"workflow","success":{"type":"goTo","screenId":""}}},"initialLabeldataSourceType":"constant","selecteddataSourceType":"pagemodel","validationRequiredErrorTextdataSourceType":"","selecteddataSourcefieldName":"userSearchType","initialLabeldataSourcefieldName":"Search By","labelKey":"Search By"},"1650419299025":{"listeners":{"click":{"workflow":"","submit":false,"type":"workflow","success":{"type":"goTo","screenId":""}},"drag":{"workflow":"","submit":false},"doubleclick":{"type":"workflow","success":{"type":"goTo","screenId":""}}},"hoverTxtdataSourceType":""},"1650419299026":{"listeners":{"click":{"workflow":"","submit":false},"focus":{"workflow":"","submit":false,"type":"workflow","success":{"type":"goTo","screenId":""}},"blur":{"workflow":"","submit":false,"type":"workflow","success":{"type":"goTo","screenId":""}},"keyup":{"type":"workflow","success":{"type":"goTo","screenId":""},"workflow":"626c16248f08bf10ebb6ea05"}},"dataSourceType":"pagemodel","dataSourcefieldName":"userSearchInput1","placeholderdataSourceType":"constant","validationRequiredErrorTextdataSourceType":"","validationMinLengthErrorTextdataSourceType":"","validationMaxLengthErrorTextdataSourceType":"","validationInputTypeErrorTextdataSourceType":"","placeholderdataSourcefieldName":"Search","labelKey":"Search","cssClassNamedataSourceType":"","labelKeyplaceholder":"Search"},"1650419299027":{"listeners":{"click":{"workflow":"626c16248f08bf10ebb6ea05","submit":false,"type":"workflow","success":{"type":"goTo","screenId":""}},"longPress":{"workflow":"","submit":false}},"cssClassNamedataSourceType":"","filter":"","ellipsis":"","dataSourceType":"constant","badgedataSourceType":"","hoverTxtdataSourceType":"","dataSourcefieldName":"<i class=\"fal fa-search\"></i>"},"1650419299033":{"listeners":{"click":{"workflow":"","submit":false,"type":"workflow","success":{"type":"goTo","screenId":""}},"drag":{"workflow":"","submit":false},"doubleclick":{"type":"workflow","success":{"type":"goTo","screenId":""}}},"hoverTxtdataSourceType":"","cssClassNamedataSourceType":""},"1650419299036":{"listeners":{"click":{"workflow":"","submit":false,"type":"workflow","success":{"type":"goTo","screenId":""}},"focus":{"workflow":"","submit":false,"type":"workflow","success":{"type":"goTo","screenId":""}}},"isMultiCustom":false,"listCC":[],"listType":"customList","dataSourceType":"global","emptyListCCdataSourceType":"","dataSourceKey":"USER_TAGS_SEARCH_RESULTS","dataSourceModelName":"Branch_UserTags","dataSourcefieldName":"","customComponent":"626c17008f08bf10ebb6ea59","scrollTodataSourceType":"","emptyListCC":"626c3e458f08bf10ebb6ec31"},"1651247716643":{"listeners":{"click":{"workflow":"","submit":false,"type":"workflow","success":{"type":"goTo","screenId":""}},"drag":{"workflow":"","submit":false},"doubleclick":{"type":"workflow","success":{"type":"goTo","screenId":""}}},"cssClassNamedataSourceType":"","hoverTxtdataSourceType":""},"1651247716644":{"listeners":{"click":{"workflow":"","submit":false,"type":"workflow","success":{"type":"goTo","screenId":""}},"doubleclick":{"type":"workflow","success":{"type":"goTo","screenId":""}}},"cssClassNamedataSourceType":"","dataSourceType":"constant","dataSourcefieldName":"Name","isRequiredKeydataSourceType":"","ellipsis":"","labelKey":"Name"},"1651247716645":{"listeners":{"click":{"workflow":"","submit":false}},"cssClassNamedataSourceType":"","dataSourceType":"constant","dataSourcefieldName":"Users","labelKey":"User Management"},"1651247716646":{"listeners":{"click":{"workflow":"","submit":false}},"cssClassNamedataSourceType":"","dataSourceType":"constant","labelKey":"Administrators","dataSourcefieldName":"Admins"},"dataModel":"TR_Main_Dashboard"},"gridLayoutConfig":{"cols":1,"rows":1,"gridgap":{"int":0,"unit":"em"},"autoflow":true,"explicit":{"colValues":"auto","rowValues":"auto"}},"savedId":null,"workInProgress":false,"status":null,"createdBy":null,"lastModifiedBy":null,"deleted":false,"customComponent":true,"style":false,"animation":false,"styleComponentType":null,"hidden":false,"hideDrawer":false,"lockOrientation":null,"screenShotData":null,"customComponentScreenShot":false,"eventMappings":null,"layoutRows":0,"layoutCols":0,"enableRuntimeConfiguration":false,"inputs":null,"timerWorkflowId":null,"timeInterval":0,"label":null,"leftArrowWorkflowId":null,"rightArrowWorkflowId":null,"bpmManaged":false,"category":null,"displaySeq":0,"rowCounter":0,"columnCounter":0,"aiHtml":null,"customization":null,"pageData":null}]