[{"id":"5f47f79e8f0814ff0a9175b0","companyId":"5f47ce0c8f0815394ff3bd8a","createdDate":1715185006750,"updatedDate":1715185006750,"versionId":63,"referenceId":null,"systemStatus":"P","updatedByUserId":"5fa999cf8f08eee59b0a70e1","updatedByUserName":"Mark Bonham","systemStatusText":null,"userTypes":null,"requirementIds":null,"name":"API_Authentication_Reset_Password","sourceReferenceId":"5f2b0961e4b0a21a45fff9d5","sourceReferenceAppId":"5e3c7705e4b0dc635b34e645","lockedByUserId":null,"lockedByUserName":null,"publicArtifact":false,"enableOffline":false,"locked":false,"canUnlock":false,"publishComment":"published again","importantPublish":false,"appId":"5f47f6158f0814ff0a917552","folderId":"","initializer":null,"triggerType":"workflow","flow":[],"createdBy":null,"lastModifiedBy":null,"objectsMap":{"1596655969835":{"id":"1596655969835","type":"startObject","value":null,"taskName":"Start","triggerType":"workflow","addedToConfig":true,"painted":true,"position":{},"taskNotes":"<p><br></p>","modelName":"API_AuthenticationRequest","desc":"API_AuthenticationRequest"},"15966559698351000":{"id":"15966559698351000","parent":"1596656019224switchEnd","systemExit":true,"type":"return","returnType":"return","taskName":"Exit","label":"","addedToConfig":false,"painted":false,"position":{},"taskNotes":"<p><br></p>","desc":"Return","outputTask":"1596655979263"},"1596655979263":{"id":"1596655979263","type":"createDataObject","position":{},"condition":"API_MainResponse","mapping":[{"name":"status","valueType":"constant","value":"SUCCESS","fieldType":"String","list":false,"rr_dynamic_field_name_type":"","fromModel":""}],"label":"","taskName":"API_MainResponse","parent":"1596655969835","painted":false,"taskNotes":"<p><br></p>","addedToConfig":false},"1596656019224switchEnd":{"id":"1596656019224switchEnd","switchId":"1596656019224","parent":"1612817677977caseEnd","position":{},"type":"switchEnd","taskName":"Switch End","painted":false,"addedToConfig":false,"taskNotes":"<p><br></p>"},"1596656019224":{"id":"1596656019224","type":"wfSwitch","position":{},"label":"","expressionType":"variable","taskName":"Switch","parent":"1596655979263","painted":false,"taskNotes":"<p><br></p>","inputTask":"rr_page_data","inputValue":"actionType","addedToConfig":false},"1596827537450caseEnd":{"id":"1596827537450caseEnd","caseId":"1596827537450","switchId":"1596656019224","parent":"1596827655812_end","position":{},"type":"caseEnd","taskName":"Break","painted":false,"taskNotes":"<p><br></p>","addedToConfig":false},"1596827537450":{"id":"1596827537450","switchId":"1596656019224","type":"wfCase","position":{},"label":"","operator":"equals","taskName":"CONFIRM","parent":"1596656019224","painted":false,"taskNotes":"<p><br></p>","caseValue":"CONFIRM","addedToConfig":false},"1596827555888":{"id":"1596827555888","switchId":"1596656019224","type":"wfCase","position":{},"label":"","operator":"equals","taskName":"RESET","parent":"1596827537450caseEnd","painted":false,"taskNotes":"<p><br></p>","caseValue":"RESET","addedToConfig":false},"1596827555888caseEnd":{"id":"1596827555888caseEnd","caseId":"1596827555888","switchId":"1596656019224","parent":"1596830406546_end","position":{},"type":"caseEnd","taskName":"Break","painted":false,"taskNotes":"<p><br></p>","addedToConfig":false},"1596827626699":{"id":"1596827626699","type":"query","position":{},"source":null,"target":null,"mapping":[{"name":"userName","valueType":"variable","value":"userName","fieldType":"String","list":false,"fromModel":"API_AuthenticationRequest","comparator":"equalsIgnoreCase","source":"rr_page_data"}],"label":"","filterBy":"criteria","searchOption":"one","operator":"and","taskName":"User CONFIRM","parent":"1596827537450","painted":false,"taskNotes":"<p><br></p>","ignoreSecurity":true,"queryType":"dynamic","relationshipMapping":[],"modelName":"User","addedToConfig":false,"selectFields":[],"sortFields":[],"useOwnerTenant":false},"1596827655812_end":{"id":"1596827655812_end","decisionId":"1596827655812","position":{},"type":"decisionEnd","painted":false,"addedToConfig":false},"1596827655812_success_start":{"id":"1596827655812_success_start","decisionId":"1596827655812","parent":"1596827655812","position":{},"type":"decisionSucessStart","painted":false,"addedToConfig":false},"1596827655812_failure_start":{"id":"1596827655812_failure_start","decisionId":"1596827655812","parent":"1596827655812","position":{},"type":"decisionFailureStart","painted":false,"addedToConfig":false},"1596827655812_success_end":{"id":"1596827655812_success_end","decisionId":"1596827655812","parent":"1596828443320","position":{},"type":"decisionSucessEnd","painted":false,"addedToConfig":false},"1596827655812_failure_end":{"id":"1596827655812_failure_end","decisionId":"1596827655812","parent":"1596828490952","position":{},"type":"decisionFailureEnd","painted":false,"addedToConfig":false},"1596827655812":{"id":"1596827655812","type":"decision","newMapping":true,"position":{},"condition":null,"serviceName":null,"serviceType":null,"operator":"and","mapping":[{"sourceType":"notNull","sourceValue":null,"source":"1596827626699","sourceFieldType":null,"sourceModel":"User","isSourceList":null,"targetType":"variable","targetValue":null,"target":null,"targetFieldType":null,"targetModel":"","isTargetList":null,"comparator":null}],"label":"","parent":"1596827626699","painted":false,"taskNotes":"<p><br></p>","addedToConfig":false},"1596827719990_end":{"id":"1596827719990_end","decisionId":"1596827719990","position":{},"type":"decisionEnd","painted":false,"addedToConfig":false},"1596827719990_success_start":{"id":"1596827719990_success_start","decisionId":"1596827719990","parent":"1596827719990","position":{},"type":"decisionSucessStart","painted":false,"addedToConfig":false},"1596827719990_failure_start":{"id":"1596827719990_failure_start","decisionId":"1596827719990","parent":"1596827719990","position":{},"type":"decisionFailureStart","painted":false,"addedToConfig":false},"1596827719990_success_end":{"id":"1596827719990_success_end","decisionId":"1596827719990","parent":"1596828379797","position":{},"type":"decisionSucessEnd","painted":false,"addedToConfig":false},"1596827719990_failure_end":{"id":"1596827719990_failure_end","decisionId":"1596827719990","parent":"1596827719990_failure_start","position":{},"type":"decisionFailureEnd","painted":false,"addedToConfig":false},"1596827719990":{"id":"1596827719990","type":"decision","newMapping":true,"position":{},"condition":null,"serviceName":null,"serviceType":null,"operator":"and","mapping":[{"sourceType":"variable","sourceValue":"email","source":"1596827626699","sourceFieldType":"String","sourceModel":"User","isSourceList":false,"targetType":"variable","targetValue":null,"target":null,"targetFieldType":null,"targetModel":"","isTargetList":null,"comparator":"notEmpty"}],"label":"","parent":"1596828367815","painted":false,"taskNotes":"<p><br></p>","addedToConfig":false},"1596827804106":{"id":"1596827804106","type":"createDataObject","position":{},"condition":"API_MFA_Options","mapping":[{"name":"optionDisplayText","valueType":"variable","value":null,"fieldType":"String","list":false,"rr_dynamic_field_name_type":"","source":"1596827854987"},{"name":"type","valueType":"constant","value":"EMAIL","fieldType":"String","list":false,"rr_dynamic_field_name_type":"","fromModel":""}],"label":"","taskName":"SUB_MFA","parent":"1596827854987","painted":false,"taskNotes":"<p><br></p>","addedToConfig":false},"1596827854987":{"id":"1596827854987","type":"expression","position":{},"expression":[{"type":"data","sourceText":"Output of Email First 2","source":"1596827871939"},{"type":"operator","operator":"+","symbol":"+"},{"type":"data","source":"constant","value":"******"},{"type":"operator","operator":"+","symbol":"+"},{"type":"data","sourceText":"Output of Email Last 6","source":"1596827930440"}],"targetVariable":null,"label":"","taskName":"Display Email","parent":"1596827930440","painted":false,"taskNotes":"<p><br></p>","expressionType":"string","addedToConfig":false},"1596827871939":{"id":"1596827871939","type":"service","value":"Custom Function","serviceType":"internal","position":{},"label":"","callType":"async","taskName":"Email First 2","parent":"1596827909066","painted":false,"desc":"Custom Function","taskNotes":"<p><br></p>","customFunctionId":"String_substringWithEndIndex","customFunctionParam":{"source_task":"1596827626699","source_model_field":"email","1_task":"constant","1_model_field":"0","2_task":"constant","2_model_field":"2"},"addedToConfig":false},"1596827909066":{"id":"1596827909066","type":"service","value":"Custom Function","serviceType":"internal","position":{},"label":"","callType":"async","taskName":"Email Length","parent":"1596827719990_success_start","painted":false,"desc":"Custom Function","taskNotes":"<p><br></p>","customFunctionId":"String_length","customFunctionParam":{"source_task":"1596827626699","source_model_field":"email","1_task":"","1_model_field":""},"addedToConfig":false},"1596827930440":{"id":"1596827930440","type":"service","value":"Custom Function","serviceType":"internal","position":{},"label":"","callType":"async","taskName":"Email Last 6","parent":"1596827953104","painted":false,"desc":"Custom Function","taskNotes":"<p><br></p>","customFunctionId":"String_substring","customFunctionParam":{"source_task":"1596827626699","source_model_field":"email","1_task":"1596827953104","1_model_field":""},"addedToConfig":false},"1596827953104":{"id":"1596827953104","type":"expression","position":{},"expression":[{"type":"data","sourceText":"Output of Email Length","source":"1596827909066"},{"type":"operator","operator":"-","symbol":"-"},{"type":"data","source":"constant","value":"6"}],"targetVariable":null,"label":"","taskName":"Email Length - 6","parent":"1596827871939","painted":false,"taskNotes":"<p><br></p>","expressionType":"number","addedToConfig":false},"1596828153149":{"id":"1596828153149","type":"decision","newMapping":true,"position":{},"condition":null,"serviceName":null,"serviceType":null,"operator":"and","mapping":[{"sourceType":"variable","sourceValue":"recoveryEmail","source":"1596827626699","sourceFieldType":"String","sourceModel":"User","isSourceList":false,"targetType":"variable","targetValue":null,"target":null,"targetFieldType":null,"targetModel":"","isTargetList":null,"comparator":"notEmpty"}],"label":"","parent":"1596827719990_end","painted":false,"taskNotes":"<p><br></p>","addedToConfig":false},"1596828153149_end":{"id":"1596828153149_end","decisionId":"1596828153149","position":{},"type":"decisionEnd","painted":false,"addedToConfig":false},"1596828153149_success_start":{"id":"1596828153149_success_start","decisionId":"1596828153149","parent":"1596828153149","position":{},"type":"decisionSucessStart","painted":false,"addedToConfig":false},"1596828153149_failure_start":{"id":"1596828153149_failure_start","decisionId":"1596828153149","parent":"1596828153149","position":{},"type":"decisionFailureStart","painted":false,"addedToConfig":false},"1596828153149_success_end":{"id":"1596828153149_success_end","decisionId":"1596828153149","parent":"1596828393220","position":{},"type":"decisionSucessEnd","painted":false,"addedToConfig":false},"1596828153149_failure_end":{"id":"1596828153149_failure_end","decisionId":"1596828153149","parent":"1596828153149_failure_start","position":{},"type":"decisionFailureEnd","painted":false,"addedToConfig":false},"1596828153152":{"id":"1596828153152","type":"service","value":"Custom Function","serviceType":"internal","position":{},"label":"","callType":"async","taskName":"Email Length","parent":"1596828153149_success_start","painted":false,"desc":"Custom Function","taskNotes":"<p><br></p>","customFunctionId":"String_length","customFunctionParam":{"source_task":"1596827626699","source_model_field":"recoveryEmail","1_task":"","1_model_field":""},"addedToConfig":false},"1596828153153":{"id":"1596828153153","type":"service","value":"Custom Function","serviceType":"internal","position":{},"label":"","callType":"async","taskName":"Email First 2","parent":"1596828153152","painted":false,"desc":"Custom Function","taskNotes":"<p><br></p>","customFunctionId":"String_substringWithEndIndex","customFunctionParam":{"source_task":"1596827626699","source_model_field":"recoveryEmail","1_task":"constant","1_model_field":"0","2_task":"constant","2_model_field":"2"},"addedToConfig":false},"1596828153154":{"id":"1596828153154","type":"expression","position":{},"expression":[{"type":"data","sourceText":"Output of Email Length","source":"1596828153152"},{"type":"operator","operator":"-","symbol":"-"},{"type":"data","source":"constant","value":"6"}],"targetVariable":null,"label":"","taskName":"Email Length - 6","parent":"1596828153153","painted":false,"taskNotes":"<p><br></p>","expressionType":"number","addedToConfig":false},"1596828153155":{"id":"1596828153155","type":"service","value":"Custom Function","serviceType":"internal","position":{},"label":"","callType":"async","taskName":"Email Last 6","parent":"1596828153154","painted":false,"desc":"Custom Function","taskNotes":"<p><br></p>","customFunctionId":"String_substring","customFunctionParam":{"source_task":"1596827626699","source_model_field":"recoveryEmail","1_task":"1596828153154","1_model_field":""},"addedToConfig":false},"1596828153156":{"id":"1596828153156","type":"expression","position":{},"expression":[{"type":"data","sourceText":"Output of Email First 2","source":"1596828153153"},{"type":"operator","operator":"+","symbol":"+"},{"type":"data","source":"constant","value":"******"},{"type":"operator","operator":"+","symbol":"+"},{"type":"data","sourceText":"Output of Email Last 6","source":"1596828153155"}],"targetVariable":null,"label":"","taskName":"Display Email","parent":"1596828153155","painted":false,"taskNotes":"<p><br></p>","expressionType":"string","addedToConfig":false},"1596828153157":{"id":"1596828153157","type":"createDataObject","position":{},"condition":"API_MFA_Options","mapping":[{"name":"optionDisplayText","valueType":"variable","value":null,"fieldType":"String","list":false,"rr_dynamic_field_name_type":"","source":"1596828153156"},{"name":"type","valueType":"constant","value":"RECOVERY_EMAIL","fieldType":"String","list":false,"rr_dynamic_field_name_type":"","fromModel":""}],"label":"","taskName":"SUB_MFA","parent":"1596828153156","painted":false,"taskNotes":"<p><br></p>","addedToConfig":false},"1596828213463":{"id":"1596828213463","type":"decision","newMapping":true,"position":{},"condition":null,"serviceName":null,"serviceType":null,"operator":"and","mapping":[{"sourceType":"variable","sourceValue":"phoneNumber.e164Number","source":"1596827626699","sourceFieldType":"String","sourceModel":"User","isSourceList":false,"targetType":"variable","targetValue":null,"target":null,"targetFieldType":null,"targetModel":"","isTargetList":null,"comparator":"notEmpty"},{"sourceType":"variable","sourceValue":"phoneNumber.phoneNumberDisplay","source":"1596827626699","sourceFieldType":"String","sourceModel":"User","isSourceList":false,"targetType":"variable","targetValue":null,"target":null,"targetFieldType":null,"targetModel":"","isTargetList":null,"comparator":"notEmpty"}],"label":"","parent":"1596828153149_end","painted":false,"taskNotes":"<p><br></p>","addedToConfig":false},"1596828213463_end":{"id":"1596828213463_end","decisionId":"1596828213463","position":{},"type":"decisionEnd","painted":false,"addedToConfig":false},"1596828213463_success_start":{"id":"1596828213463_success_start","decisionId":"1596828213463","parent":"1596828213463","position":{},"type":"decisionSucessStart","painted":false,"addedToConfig":false},"1596828213463_failure_start":{"id":"1596828213463_failure_start","decisionId":"1596828213463","parent":"1596828213463","position":{},"type":"decisionFailureStart","painted":false,"addedToConfig":false},"1596828213463_success_end":{"id":"1596828213463_success_end","decisionId":"1596828213463","parent":"1596828400548","position":{},"type":"decisionSucessEnd","painted":false,"addedToConfig":false},"1596828213463_failure_end":{"id":"1596828213463_failure_end","decisionId":"1596828213463","parent":"1596828213463_failure_start","position":{},"type":"decisionFailureEnd","painted":false,"addedToConfig":false},"1596828213474":{"id":"1596828213474","type":"service","value":"Custom Function","serviceType":"internal","position":{},"label":"","callType":"async","taskName":"Phone First 2","parent":"1596828250873","painted":false,"desc":"Custom Function","taskNotes":"<p><br></p>","customFunctionId":"String_substringWithEndIndex","customFunctionParam":{"source_task":"1596827626699","source_model_field":"phoneNumber.phoneNumberDisplay","1_task":"constant","1_model_field":"0","2_task":"constant","2_model_field":"2"},"addedToConfig":false},"1596828213475":{"id":"1596828213475","type":"expression","position":{},"expression":[{"type":"data","sourceText":"Output of Phone Length","source":"1596828250873"},{"type":"operator","operator":"-","symbol":"-"},{"type":"data","source":"constant","value":"4"}],"targetVariable":null,"label":"","taskName":"Phone Length - 6","parent":"1596828213474","painted":false,"taskNotes":"<p><br></p>","expressionType":"number","addedToConfig":false},"1596828213476":{"id":"1596828213476","type":"service","value":"Custom Function","serviceType":"internal","position":{},"label":"","callType":"async","taskName":"Phone Last 4","parent":"1596828213475","painted":false,"desc":"Custom Function","taskNotes":"<p><br></p>","customFunctionId":"String_substring","customFunctionParam":{"source_task":"1596827626699","source_model_field":"phoneNumber.phoneNumberDisplay","1_task":"1596827953104","1_model_field":""},"addedToConfig":false},"1596828213477":{"id":"1596828213477","type":"expression","position":{},"expression":[{"type":"data","sourceText":"Output of Phone First 2","source":"1596828213474"},{"type":"operator","operator":"+","symbol":"+"},{"type":"data","source":"constant","value":"******"},{"type":"operator","operator":"+","symbol":"+"},{"type":"data","sourceText":"Output of Phone Last 6","source":"1596828213476"}],"targetVariable":null,"label":"","taskName":"Display Phone","parent":"1596828213476","painted":false,"taskNotes":"<p><br></p>","expressionType":"string","addedToConfig":false},"1596828213478":{"id":"1596828213478","type":"createDataObject","position":{},"condition":"API_MFA_Options","mapping":[{"name":"optionDisplayText","valueType":"variable","value":null,"fieldType":"String","list":false,"rr_dynamic_field_name_type":"","source":"1596828213477"},{"name":"type","valueType":"constant","value":"PHONE","fieldType":"String","list":false,"rr_dynamic_field_name_type":"","fromModel":""}],"label":"","taskName":"SUB_MFA","parent":"1596828213477","painted":false,"taskNotes":"<p><br></p>","addedToConfig":false},"1596828250873":{"id":"1596828250873","type":"service","value":"Custom Function","serviceType":"internal","position":{},"label":"","callType":"async","taskName":"Phone Length","parent":"1596828213463_success_start","painted":false,"desc":"Custom Function","taskNotes":"<p><br></p>","utilityFunctionId":"","customFunctionId":"String_length","customFunctionParam":{"source_task":"1596827626699","source_model_field":"phoneNumber.phoneNumberDisplay","1_task":"","1_model_field":""},"addedToConfig":false},"1596828367815":{"id":"1596828367815","type":"service","value":"Utility Function","serviceType":"internal","position":{},"label":"","callType":"async","taskName":"Create List","parent":"1596827655812_success_start","painted":false,"desc":"Utility Function","taskNotes":"<p><br></p>","utilityFunctionId":"createList","addedToConfig":false},"1596828379797":{"id":"1596828379797","type":"service","value":"Utility Function","serviceType":"internal","position":{},"label":"","callType":"async","taskName":"Add to List","parent":"1596827804106","painted":false,"desc":"Utility Function","taskNotes":"<p><br></p>","utilityFunctionId":"addToList","inputTask":"1596827804106","inputValue":null,"targetTask":"1596828367815","targetValue":null,"addedToConfig":false},"1596828393220":{"id":"1596828393220","type":"service","value":"Utility Function","serviceType":"internal","position":{},"label":"","callType":"async","taskName":"Add to List","parent":"1596828153157","painted":false,"desc":"Utility Function","taskNotes":"<p><br></p>","utilityFunctionId":"addToList","inputTask":"1596828153157","inputValue":null,"targetTask":"1596828367815","targetValue":null,"addedToConfig":false},"1596828400548":{"id":"1596828400548","type":"service","value":"Utility Function","serviceType":"internal","position":{},"label":"","callType":"async","taskName":"Add to List","parent":"1596828213478","painted":false,"desc":"Utility Function","taskNotes":"<p><br></p>","utilityFunctionId":"addToList","inputTask":"1596828213478","inputValue":null,"targetTask":"1596828367815","targetValue":null,"addedToConfig":false},"1596828443320":{"id":"1596828443320","type":"dataTransfer","position":{},"source":"mddui_page_input_data","sourceType":"page","sourceVariable":"rr_page_data","targetType":"page","target":"1596655979263","targetVariable":null,"resultVariable":null,"mapping":[{"name":"list","valueType":"variable","value":null,"fieldType":"Object","list":true,"rr_dynamic_field_name_type":"","source":"1596828367815"}],"label":"","taskName":"Update Model in Memory","parent":"1596828213463_end","painted":false,"taskNotes":"<p><br></p>","condition":"API_MainResponse","addedToConfig":false},"1596828461855":{"id":"1596828461855","type":"dataTransfer","position":{},"source":"mddui_page_input_data","sourceType":"page","sourceVariable":"rr_page_data","targetType":"page","target":"1596655979263","targetVariable":null,"resultVariable":null,"mapping":[{"name":"status","valueType":"constant","value":"FAILED","fieldType":"String","list":false,"rr_dynamic_field_name_type":"","fromModel":""}],"label":"","taskName":"Update Model in Memory","parent":"1596827655812_failure_start","painted":false,"taskNotes":"<p><br></p>","condition":"API_MainResponse","addedToConfig":false},"1596828474968":{"id":"1596828474968","type":"expression","position":{},"expression":[{"type":"data","source":"constant","value":"User Not Found"}],"targetVariable":null,"label":"","taskName":"User Not Found","parent":"1596828461855","painted":false,"taskNotes":"<p><br></p>","outputVariable":"","expressionType":"string","addedToConfig":false},"1596828490952":{"id":"1596828490952","type":"service","value":"Utility Function","serviceType":"internal","position":{},"label":"","callType":"async","taskName":"Add Reason to List","parent":"1596828474968","painted":false,"desc":"Utility Function","taskNotes":"<p><br></p>","utilityFunctionId":"addToList","inputTask":"1596828474968","inputValue":null,"targetTask":"1596655979263","targetValue":"reasons","addedToConfig":false},"1596830406546_end":{"id":"1596830406546_end","decisionId":"1596830406546","position":{},"type":"decisionEnd","painted":false,"addedToConfig":false},"1596830406546_success_start":{"id":"1596830406546_success_start","decisionId":"1596830406546","parent":"1596830406546","position":{},"type":"decisionSucessStart","painted":false,"addedToConfig":false},"1596830406546_failure_start":{"id":"1596830406546_failure_start","decisionId":"1596830406546","parent":"1596830406546","position":{},"type":"decisionFailureStart","painted":false,"addedToConfig":false},"1596830406546_success_end":{"id":"1596830406546_success_end","decisionId":"1596830406546","parent":"1598457043687_end","position":{},"type":"decisionSucessEnd","painted":false,"addedToConfig":false},"1596830406546_failure_end":{"id":"1596830406546_failure_end","decisionId":"1596830406546","parent":"1596833427588","position":{},"type":"decisionFailureEnd","painted":false,"addedToConfig":false},"1596830406546":{"id":"1596830406546","type":"decision","newMapping":true,"position":{},"condition":null,"serviceName":null,"serviceType":null,"operator":"and","mapping":[{"sourceType":"notNull","sourceValue":"verificationType","source":"1596830612776","sourceFieldType":"String","sourceModel":"User","isSourceList":false,"targetType":"variable","targetValue":null,"target":null,"targetFieldType":null,"targetModel":"","isTargetList":null,"comparator":"notEmpty"}],"label":"","parent":"1596830612776","painted":false,"taskNotes":"<p><br></p>","addedToConfig":false},"1596830612776":{"id":"1596830612776","type":"query","position":{},"source":null,"target":null,"mapping":[{"name":"userName","valueType":"variable","value":"userName","fieldType":"String","list":false,"fromModel":"API_AuthenticationRequest","comparator":"equalsIgnoreCase","source":"rr_page_data"}],"label":"","filterBy":"criteria","searchOption":"one","operator":"and","taskName":"User RESET","parent":"1680194296136_end","painted":false,"taskNotes":"<p><br></p>","ignoreSecurity":true,"queryType":"dynamic","relationshipMapping":[],"modelName":"User","addedToConfig":false,"selectFields":[],"sortFields":[],"useOwnerTenant":false},"1596833386829":{"id":"1596833386829","type":"dataTransfer","position":{},"source":"mddui_page_input_data","sourceType":"page","sourceVariable":"rr_page_data","targetType":"page","target":"1596655979263","targetVariable":null,"resultVariable":null,"mapping":[{"name":"status","valueType":"constant","value":"FAILED","fieldType":"String","list":false,"rr_dynamic_field_name_type":"","fromModel":""}],"label":"","taskName":"Update Model in Memory","parent":"1596830406546_failure_start","painted":false,"taskNotes":"<p><br></p>","condition":"API_MainResponse","addedToConfig":false},"1596833402612":{"id":"1596833402612","type":"expression","position":{},"expression":[{"type":"data","source":"constant","value":"User Not Found"}],"targetVariable":null,"label":"","taskName":"User Not Found","parent":"1596833386829","painted":false,"taskNotes":"<p><br></p>","outputVariable":"","expressionType":"string","addedToConfig":false},"1596833427588":{"id":"1596833427588","type":"service","value":"Utility Function","serviceType":"internal","position":{},"label":"","callType":"async","taskName":"Add Reason to List","parent":"1596833402612","painted":false,"desc":"Utility Function","taskNotes":"<p><br></p>","utilityFunctionId":"addToList","inputTask":"1596833402612","inputValue":null,"targetTask":"1596655979263","targetValue":"reasons","addedToConfig":false,"addAtIndexType":"constant","addAtIndex":false},"1598456975600":{"id":"1598456975600","type":"service","value":"Utility Function","serviceType":"internal","position":{},"label":"","callType":"async","taskName":"Current Time","parent":"1596830406546_success_start","painted":false,"desc":"Utility Function","taskNotes":"<p><br></p>","utilityFunctionId":"getCurrentTime","dateFormat":"","addedToConfig":false},"1598456994462":{"id":"1598456994462","type":"dataTransfer","position":{},"source":"mddui_page_input_data","sourceType":"page","sourceVariable":"rr_page_data","targetType":"page","target":"1596830612776","targetVariable":null,"resultVariable":null,"mapping":[{"name":"passwordResetTimestamp","valueType":"variable","value":null,"fieldType":"Time","list":false,"rr_dynamic_field_name_type":"","source":"1598456975600"}],"label":"","taskName":"Update Model in Memory","parent":"1598456975600","painted":false,"taskNotes":"<p><br></p>","condition":"User","addedToConfig":false},"1598457034928":{"id":"1598457034928","type":"persist","position":{},"source":null,"target":null,"mapping":null,"label":"","taskName":"Save Data","parent":"1598456994462","isMerge":true,"taskNotes":"<p><br></p>","inputTask":"1596830612776","inputValue":null,"modelName":"User","ignoreSecurity":true,"painted":false,"addedToConfig":false},"1598457043687_end":{"id":"1598457043687_end","decisionId":"1598457043687","position":{},"type":"decisionEnd","painted":false,"addedToConfig":false},"1598457043687_success_start":{"id":"1598457043687_success_start","decisionId":"1598457043687","parent":"1598457043687","position":{},"type":"decisionSucessStart","painted":false,"addedToConfig":false},"1598457043687_failure_start":{"id":"1598457043687_failure_start","decisionId":"1598457043687","parent":"1598457043687","position":{},"type":"decisionFailureStart","painted":false,"addedToConfig":false},"1598457043687_success_end":{"id":"1598457043687_success_end","decisionId":"1598457043687","parent":"1598457106327","position":{},"type":"decisionSucessEnd","painted":false,"addedToConfig":false},"1598457043687_failure_end":{"id":"1598457043687_failure_end","decisionId":"1598457043687","parent":"1598457139625","position":{},"type":"decisionFailureEnd","painted":false,"addedToConfig":false},"1598457043687":{"id":"1598457043687","type":"decision","newMapping":true,"position":{},"condition":null,"serviceName":null,"serviceType":null,"operator":"and","mapping":[{"sourceType":"notNull","sourceValue":null,"source":"1598457034928","sourceFieldType":null,"sourceModel":"User","isSourceList":null,"targetType":"variable","targetValue":null,"target":null,"targetFieldType":null,"targetModel":"","isTargetList":null,"comparator":null}],"label":"","parent":"1598457034928","painted":false,"taskNotes":"<p><br></p>","addedToConfig":false},"1598457055870":{"id":"1598457055870","type":"wfSwitch","position":{},"label":"","expressionType":"variable","taskName":"Switch","parent":"1612813601084","painted":false,"taskNotes":"<p><br></p>","inputTask":"rr_page_data","inputValue":"verificationType","addedToConfig":false},"1598457055870switchEnd":{"id":"1598457055870switchEnd","switchId":"1598457055870","parent":"1598457055881caseEnd","position":{},"type":"switchEnd","taskName":"Switch End","painted":false,"taskNotes":"<p><br></p>","addedToConfig":false},"1598457055872":{"id":"1598457055872","switchId":"1598457055870","type":"wfCase","position":{},"label":"","operator":"equals","taskName":"EMAIL","parent":"1598457055870","painted":false,"taskNotes":"<p><br></p>","caseValue":"EMAIL","addedToConfig":false},"1598457055872caseEnd":{"id":"1598457055872caseEnd","caseId":"1598457055872","switchId":"1598457055870","parent":"1612814142197","position":{},"type":"caseEnd","taskName":"Break","painted":false,"addedToConfig":false,"taskNotes":"<p><br></p>"},"1598457055873":{"id":"1598457055873","type":"createDataObject","position":{},"condition":"EmailObject","mapping":[],"label":"","taskName":"EmailObject","parent":"1598457055872","painted":false,"taskNotes":"<p><br></p>","addedToConfig":false},"1598457055874":{"id":"1598457055874","type":"expression","position":{},"expression":[{"type":"data","source":"constant","value":"Hi "},{"type":"operator","operator":"+","symbol":"+"},{"type":"data","sourceText":"Output of User ( User )","source":"1596830612776","value":"firstName"},{"type":"operator","operator":"+","symbol":"+"},{"type":"data","source":"constant","value":"!"}],"targetVariable":null,"label":"","taskName":"Greeting","parent":"1598457055873","painted":false,"taskNotes":"<p><br></p>","outputTask":"1598457055873","outputVariable":"greeting","expressionType":"string","addedToConfig":false},"1598457055876":{"id":"1598457055876","type":"expression","position":{},"expression":[{"type":"data","source":"constant","value":"Here's your "},{"type":"operator","operator":"+","symbol":"+"},{"type":"data","sourceText":"Output of Branch ( Branch )","source":"1612813354878","value":"name"},{"type":"operator","operator":"+","symbol":"+"},{"type":"data","source":"constant","value":" password reset link: <br><br>"},{"type":"operator","operator":"+","symbol":"+"},{"type":"data","source":"constant","value":"<a href=\""},{"type":"operator","operator":"+","symbol":"+"},{"type":"data","sourceText":"Output of Reset URL","source":"1612813601084"},{"type":"operator","operator":"+","symbol":"+"},{"type":"data","source":"constant","value":"\" title=\"Go to Password Reset\">Reset Link</a>"},{"type":"operator","operator":"+","symbol":"+"},{"type":"data","source":"constant","value":"<br><br>If you did not request this reset, you can ignore this message.<br><br>Please be aware that some email clients such as Microsoft Outlook strip away the formatting of the hyperlink so that you cannot click on it. If this happens, please copy and paste the link into your web browser to reset your password."}],"targetVariable":null,"label":"","taskName":"Body","parent":"1598457055874","painted":false,"taskNotes":"<p><br></p>","outputTask":"1598457055873","outputVariable":"body","expressionType":"string","addedToConfig":false},"1598457055881":{"id":"1598457055881","switchId":"1598457055870","type":"wfCase","position":{},"label":"","operator":"equals","taskName":"PHONE","parent":"1612814195774caseEnd","painted":false,"taskNotes":"<p><br></p>","caseValue":"PHONE","addedToConfig":false},"1598457055881caseEnd":{"id":"1598457055881caseEnd","caseId":"1598457055881","switchId":"1598457055870","parent":"1598457055885","position":{},"type":"caseEnd","taskName":"Break","painted":false,"addedToConfig":false},"1598457055883":{"id":"1598457055883","type":"expression","position":{},"expression":[{"type":"data","source":"constant","value":"Hi "},{"type":"operator","operator":"+","symbol":"+"},{"type":"data","sourceText":"Output of User ( User )","source":"1596830612776","value":"firstName"},{"type":"operator","operator":"+","symbol":"+"},{"type":"data","source":"constant","value":"! Here's your "},{"type":"operator","operator":"+","symbol":"+"},{"type":"data","sourceText":"Output of Branch ( Branch )","source":"1612813354878","value":"name"},{"type":"operator","operator":"+","symbol":"+"},{"type":"data","source":"constant","value":" password reset link: <br>"},{"type":"operator","operator":"+","symbol":"+"},{"type":"data","sourceText":"Output of Reset URL","source":"1612813601084"},{"type":"operator","operator":"+","symbol":"+"},{"type":"data","source":"constant","value":"<br>. If you didn't request this reset, you can ignore this message. <br>"}],"targetVariable":null,"label":"","taskName":"Expression","parent":"1713904038619","painted":false,"taskNotes":"<p><br></p>","expressionType":"string","addedToConfig":false},"1598457055884":{"id":"1598457055884","type":"createDataObject","position":{},"condition":"SysSMSData","mapping":[{"name":"fromNumber","valueType":"variable","value":"","fieldType":"String","list":false,"rr_dynamic_field_name_type":"","fromModel":"String","source":"1713904038619"},{"name":"message","valueType":"variable","value":null,"fieldType":"String","list":false,"rr_dynamic_field_name_type":"","source":"1598457055883"},{"name":"toNumber","valueType":"variable","value":"phoneNumber.e164Number","fieldType":"String","list":false,"rr_dynamic_field_name_type":"","fromModel":"User","source":"1598457034928"}],"label":"","taskName":"SysSMSData","parent":"1598457055883","painted":false,"taskNotes":"<p><br></p>","addedToConfig":false},"1598457055885":{"id":"1598457055885","type":"service","value":"Send SMS","serviceType":"internal","position":{},"label":"","callType":"async","taskName":"Send SMS","parent":"1598457055884","painted":false,"desc":"Send SMS","taskNotes":"<p><br></p>","inputTask":"1598457055884","inputValue":null,"addedToConfig":false},"1598457088510":{"id":"1598457088510","type":"expression","position":{},"expression":[{"type":"data","source":"constant","value":"Reset Link Sent"}],"targetVariable":null,"label":"","taskName":"Reset Link Sent","parent":"1598457055870switchEnd","painted":false,"taskNotes":"<p><br></p>","outputVariable":"","expressionType":"string","addedToConfig":false},"1598457106327":{"id":"1598457106327","type":"service","value":"Utility Function","serviceType":"internal","position":{},"label":"","callType":"async","taskName":"Add Reason to List","parent":"1598457088510","painted":false,"desc":"Utility Function","taskNotes":"<p><br></p>","utilityFunctionId":"addToList","inputTask":"1598457088510","inputValue":null,"targetTask":"1596655979263","targetValue":"reasons","addedToConfig":false,"addAtIndexType":"constant","addAtIndex":false},"1598457128729":{"id":"1598457128729","type":"dataTransfer","position":{},"source":"mddui_page_input_data","sourceType":"page","sourceVariable":"rr_page_data","targetType":"page","target":"1596655979263","targetVariable":null,"resultVariable":null,"mapping":[{"name":"status","valueType":"constant","value":"FAILED","fieldType":"String","list":false,"rr_dynamic_field_name_type":"","fromModel":""}],"label":"","taskName":"Update Model in Memory","parent":"1598457043687_failure_start","painted":false,"taskNotes":"<p><br></p>","condition":"API_MainResponse","addedToConfig":false},"1598457134152":{"id":"1598457134152","type":"expression","position":{},"expression":[{"type":"data","source":"constant","value":"User Not Found"}],"targetVariable":null,"label":"","taskName":"User Not Found","parent":"1598457128729","painted":false,"taskNotes":"<p><br></p>","outputVariable":"","expressionType":"string","addedToConfig":false},"1598457139625":{"id":"1598457139625","type":"service","value":"Utility Function","serviceType":"internal","position":{},"label":"","callType":"async","taskName":"Add Reason to List","parent":"1598457134152","painted":false,"desc":"Utility Function","taskNotes":"<p><br></p>","utilityFunctionId":"addToList","inputTask":"1596833402612","inputValue":null,"targetTask":"1596655979263","targetValue":"reasons","addedToConfig":false},"1598457291008caseEnd":{"id":"1598457291008caseEnd","caseId":"1598457291008","switchId":"1596656019224","parent":"1598457333465_end","position":{},"type":"caseEnd","taskName":"Break","painted":false,"addedToConfig":false},"1598457291008":{"id":"1598457291008","switchId":"1596656019224","type":"wfCase","position":{},"label":"","operator":"equals","taskName":"SET","parent":"1596827555888caseEnd","painted":false,"taskNotes":"<p><br></p>","caseValue":"SET","addedToConfig":false},"1598457308239":{"id":"1598457308239","type":"query","position":{},"source":null,"target":null,"mapping":[{"name":"_id","valueType":"variable","value":"userId","fieldType":"String","list":false,"fromModel":"API_AuthenticationRequest","comparator":"equals","source":"rr_page_data"}],"label":"","filterBy":"criteria","searchOption":"one","operator":"and","taskName":"User","parent":"1598457291008","painted":false,"taskNotes":"<p><br></p>","ignoreSecurity":true,"queryType":"dynamic","relationshipMapping":[],"modelName":"User","addedToConfig":false,"selectFields":[],"sortFields":[],"useOwnerTenant":false},"1598457333465_end":{"id":"1598457333465_end","decisionId":"1598457333465","position":{},"type":"decisionEnd","painted":false,"addedToConfig":false},"1598457333465_success_start":{"id":"1598457333465_success_start","decisionId":"1598457333465","parent":"1598457333465","position":{},"type":"decisionSucessStart","painted":false,"addedToConfig":false},"1598457333465_failure_start":{"id":"1598457333465_failure_start","decisionId":"1598457333465","parent":"1598457333465","position":{},"type":"decisionFailureStart","painted":false,"addedToConfig":false},"1598457333465_success_end":{"id":"1598457333465_success_end","decisionId":"1598457333465","parent":"1598457368130_end","position":{},"type":"decisionSucessEnd","painted":false,"addedToConfig":false},"1598457333465_failure_end":{"id":"1598457333465_failure_end","decisionId":"1598457333465","parent":"1598457522571","position":{},"type":"decisionFailureEnd","painted":false,"addedToConfig":false},"1598457333465":{"id":"1598457333465","type":"decision","newMapping":true,"position":{},"condition":null,"serviceName":null,"serviceType":null,"operator":"and","mapping":[{"sourceType":"notNull","sourceValue":null,"source":"1598457308239","sourceFieldType":null,"sourceModel":"User","isSourceList":null,"targetType":"variable","targetValue":null,"target":null,"targetFieldType":null,"targetModel":"","isTargetList":null,"comparator":null}],"label":"","parent":"1598457308239","painted":false,"taskNotes":"<p><br></p>","addedToConfig":false},"1598457351504":{"id":"1598457351504","type":"service","value":"Utility Function","serviceType":"internal","position":{},"label":"","callType":"async","taskName":"Current Time","parent":"1598457333465_success_start","painted":false,"desc":"Utility Function","taskNotes":"<p><br></p>","utilityFunctionId":"getCurrentTime","dateFormat":"","addedToConfig":false},"1598457368130_end":{"id":"1598457368130_end","decisionId":"1598457368130","position":{},"type":"decisionEnd","painted":false,"addedToConfig":false},"1598457368130_success_start":{"id":"1598457368130_success_start","decisionId":"1598457368130","parent":"1598457368130","position":{},"type":"decisionSucessStart","painted":false,"addedToConfig":false},"1598457368130_failure_start":{"id":"1598457368130_failure_start","decisionId":"1598457368130","parent":"1598457368130","position":{},"type":"decisionFailureStart","painted":false,"addedToConfig":false},"1598457368130_success_end":{"id":"1598457368130_success_end","decisionId":"1598457368130","parent":"1598457619674","position":{},"type":"decisionSucessEnd","painted":false,"addedToConfig":false},"1598457368130_failure_end":{"id":"1598457368130_failure_end","decisionId":"1598457368130","parent":"1598457500589","position":{},"type":"decisionFailureEnd","painted":false,"addedToConfig":false},"1598457368130":{"id":"1598457368130","type":"decision","newMapping":true,"position":{},"condition":null,"serviceName":null,"serviceType":null,"operator":"and","mapping":[{"sourceType":"variable","sourceValue":null,"source":"1598457351504","sourceFieldType":null,"isSourceList":null,"targetType":"variable","targetValue":null,"target":"1598457381089","targetFieldType":null,"isTargetList":null,"comparator":"lessThanOrEqual"}],"label":"","parent":"1598457381089","painted":false,"taskNotes":"<p><br></p>","addedToConfig":false},"1598457381089":{"id":"1598457381089","type":"service","value":"Custom Function","serviceType":"internal","position":{},"label":"","callType":"async","taskName":"passwordResetTimestamp + 15","parent":"1598457351504","painted":false,"desc":"Custom Function","taskNotes":"<p><br></p>","customFunctionId":"Date_addMinute","customFunctionParam":{"1_task":"1598457308239","1_model_field":"passwordResetTimestamp","2_task":"constant","2_model_field":"15"},"addedToConfig":false},"1598457450907":{"id":"1598457450907","type":"dataTransfer","position":{},"source":"mddui_page_input_data","sourceType":"page","sourceVariable":"rr_page_data","targetType":"page","target":"1596655979263","targetVariable":null,"resultVariable":null,"mapping":[{"name":"status","valueType":"constant","value":"FAILED","fieldType":"String","list":false,"rr_dynamic_field_name_type":"","fromModel":""}],"label":"","taskName":"Update Model in Memory","parent":"1598457368130_failure_start","painted":false,"taskNotes":"<p><br></p>","condition":"API_MainResponse","addedToConfig":false},"1598457465220":{"id":"1598457465220","type":"dataTransfer","position":{},"source":"mddui_page_input_data","sourceType":"page","sourceVariable":"rr_page_data","targetType":"page","target":"1596655979263","targetVariable":null,"resultVariable":null,"mapping":[{"name":"status","valueType":"constant","value":"FAILED","fieldType":"String","list":false,"rr_dynamic_field_name_type":"","fromModel":""}],"label":"","taskName":"Update Model in Memory","parent":"1598457333465_failure_start","painted":false,"taskNotes":"<p><br></p>","condition":"API_MainResponse","addedToConfig":false},"1598457468531":{"id":"1598457468531","type":"expression","position":{},"expression":[{"type":"data","source":"constant","value":"Reset Link Expired"}],"targetVariable":null,"label":"","taskName":"Reset Link Expired","parent":"1598457450907","painted":false,"taskNotes":"<p><br></p>","expressionType":"string","addedToConfig":false},"1598457490267":{"id":"1598457490267","type":"expression","position":{},"expression":[{"type":"data","source":"constant","value":"User Not Found"}],"targetVariable":null,"label":"","taskName":"User Not Found","parent":"1598457465220","painted":false,"taskNotes":"<p><br></p>","expressionType":"string","addedToConfig":false},"1598457500589":{"id":"1598457500589","type":"service","value":"Utility Function","serviceType":"internal","position":{},"label":"","callType":"async","taskName":"Add Reason to List","parent":"1598457468531","painted":false,"desc":"Utility Function","taskNotes":"<p><br></p>","utilityFunctionId":"addToList","inputTask":"1598457468531","inputValue":null,"targetTask":"1596655979263","targetValue":"reasons","addedToConfig":false},"1598457522571":{"id":"1598457522571","type":"service","value":"Utility Function","serviceType":"internal","position":{},"label":"","callType":"async","taskName":"Add Reason to List","parent":"1598457490267","painted":false,"desc":"Utility Function","taskNotes":"<p><br></p>","utilityFunctionId":"addToList","inputTask":"1598457490267","inputValue":null,"targetTask":"1596655979263","targetValue":"reasons","addedToConfig":false},"1598457535143":{"id":"1598457535143","type":"createDataObject","position":{},"condition":"User","mapping":[{"name":"email","valueType":"variable","value":"email","fieldType":"String","list":false,"rr_dynamic_field_name_type":"","fromModel":"User","source":"1598457308239"},{"name":"firstName","valueType":"variable","value":"firstName","fieldType":"String","list":false,"rr_dynamic_field_name_type":"","fromModel":"User","source":"1598457308239"},{"name":"lastName","valueType":"variable","value":"lastName","fieldType":"String","list":false,"rr_dynamic_field_name_type":"","fromModel":"User","source":"1598457308239"},{"name":"_id","valueType":"variable","value":"_id","fieldType":"String","list":false,"rr_dynamic_field_name_type":"","fromModel":"User","source":"1598457308239"}],"label":"","taskName":"Create TEMP User","parent":"1598457368130_success_start","painted":false,"taskNotes":"<p><br></p>","addedToConfig":false,"showAllFields":false},"1598457619674":{"id":"1598457619674","type":"dataTransfer","position":{},"source":"mddui_page_input_data","sourceType":"page","sourceVariable":"rr_page_data","targetType":"page","target":"1596655979263","targetVariable":null,"resultVariable":null,"mapping":[{"name":"object","valueType":"variable","value":"rr_this_object","fieldType":"Object","list":false,"rr_dynamic_field_name_type":"","fromModel":"User","source":"1598457535143"}],"label":"","taskName":"Update Model in Memory","parent":"1598457535143","painted":false,"taskNotes":"<p><br></p>","condition":"API_MainResponse","addedToConfig":false},"1612813354878":{"id":"1612813354878","type":"query","position":{},"source":null,"target":null,"mapping":[{"name":"_id","valueType":"variable","value":"branchId","fieldType":"String","list":false,"fromModel":"User","comparator":"equals","source":"1598457034928"}],"label":"","filterBy":"criteria","searchOption":"one","operator":"and","taskName":"Branch","parent":"1598457043687_success_start","painted":false,"taskNotes":"<p><br></p>","ignoreSecurity":true,"queryType":"dynamic","relationshipMapping":[],"modelName":"Branch","addedToConfig":false,"selectFields":[],"sortFields":[],"useOwnerTenant":false},"1612813601084":{"id":"1612813601084","type":"expression","position":{},"expression":[{"type":"data","source":"constant","value":"https://"},{"type":"operator","operator":"+","symbol":"+"},{"type":"data","sourceText":"Output of Branch_URL ( Branch_URL )","source":"1680193980359","value":"baseURL"},{"type":"operator","operator":"+","symbol":"+"},{"type":"data","source":"constant","value":"/rrframework/html/web/index.html?appId=5f47f6258f0814ff0a91755e&screenId=60f117fb8f088be0183a27bb&preview=1&pw_reset=true&u_id="},{"type":"operator","operator":"+","symbol":"+"},{"type":"data","sourceText":"Output of Save Data ( User )","source":"1598457034928","value":"_id"},{"type":"operator","operator":"+","symbol":"+"},{"type":"data","source":"constant","value":"&b_id="},{"type":"operator","operator":"+","symbol":"+"},{"type":"data","sourceText":"Output of Branch ( Branch )","source":"1612813354878","value":"_id"},{"type":"operator","operator":"+","symbol":"+"},{"type":"data","source":"constant","value":"&verification="},{"type":"operator","operator":"+","symbol":"+"},{"type":"data","sourceText":"Output of Current Time","source":"1598456975600"}],"targetVariable":null,"label":"","taskName":"Reset URL","parent":"1680194309050_end","painted":false,"taskNotes":"<p><br></p>","outputVariable":"","expressionType":"string","addedToConfig":false},"1612813968517":{"id":"1612813968517","type":"service","value":"Utility Function","serviceType":"internal","position":{},"label":"","callType":"async","taskName":"To List","parent":"1710536138647","painted":false,"desc":"Utility Function","taskNotes":"<p><br></p>","utilityFunctionId":"createList","addedToConfig":false},"1612813989427":{"id":"1612813989427","type":"expression","position":{},"expression":[{"type":"data","sourceText":"Output of Save Data ( User )","source":"1598457034928","value":"email"}],"targetVariable":null,"label":"","taskName":"To Email","parent":"1612813968517","painted":false,"taskNotes":"<p><br></p>","outputVariable":"","expressionType":"string","addedToConfig":false},"1612814043828":{"id":"1612814043828","type":"service","value":"Utility Function","serviceType":"internal","position":{},"label":"","callType":"async","taskName":"Add to List","parent":"1612813989427","painted":false,"desc":"Utility Function","taskNotes":"<p><br></p>","utilityFunctionId":"addToList","inputTask":"1612813989427","inputValue":"","targetTask":"1612813968517","targetValue":null,"addedToConfig":false},"1612814078855":{"id":"1612814078855","type":"createDataObject","position":{},"condition":"EmailData","mapping":[{"name":"dataObject","valueType":"variable","value":"rr_this_object","fieldType":"Object","list":false,"rr_dynamic_field_name_type":"","fromModel":"EmailObject","source":"1598457055873"},{"name":"from","valueType":"constant","value":"support@ole-education.com","fieldType":"String","list":false,"rr_dynamic_field_name_type":"","fromModel":""},{"name":"fromName","valueType":"variable","value":"name","fieldType":"String","list":false,"rr_dynamic_field_name_type":"","fromModel":"Branch","source":"1612813354878"},{"name":"subject","valueType":"constant","value":"Password Reset Requested","fieldType":"String","list":false,"rr_dynamic_field_name_type":"","fromModel":""},{"name":"to","valueType":"variable","value":null,"fieldType":"String","list":true,"rr_dynamic_field_name_type":"","source":"1612813968517"}],"label":"","taskName":"EmailData","parent":"1612814043828","painted":false,"taskNotes":"<p><br></p>","addedToConfig":false},"1612814142197":{"id":"1612814142197","type":"service","value":"Outgoing Email","serviceType":"internal","position":{},"label":"","callType":"async","taskName":"Send Email","parent":"1612814078855","painted":false,"desc":"Outgoing Email","taskNotes":"<p><br></p>","deviceModel":"","emailTemplateId":"5f47f79e8f0814ff0a917571","emailService":"amazon","inputTask":"1612814078855","inputValue":null,"addedToConfig":false},"1612814195774":{"id":"1612814195774","switchId":"1598457055870","type":"wfCase","position":{},"label":"","operator":"equals","taskName":"RECOVERY_EMAIL","parent":"1598457055872caseEnd","painted":false,"taskNotes":"<p><br></p>","caseValue":"RECOVERY_EMAIL","addedToConfig":false},"1612814195774caseEnd":{"id":"1612814195774caseEnd","caseId":"1612814195774","switchId":"1598457055870","parent":"1612814195783","position":{},"type":"caseEnd","taskName":"Break","painted":false,"addedToConfig":false,"taskNotes":"<p><br></p>"},"1612814195775":{"id":"1612814195775","type":"createDataObject","position":{},"condition":"EmailObject","mapping":[],"label":"","taskName":"EmailObject","parent":"1612814195774","painted":false,"taskNotes":"<p><br></p>","addedToConfig":false},"1612814195776":{"id":"1612814195776","type":"expression","position":{},"expression":[{"type":"data","source":"constant","value":"Hi "},{"type":"operator","operator":"+","symbol":"+"},{"type":"data","sourceText":"Output of User ( User )","source":"1596830612776","value":"firstName"},{"type":"operator","operator":"+","symbol":"+"},{"type":"data","source":"constant","value":"!"}],"targetVariable":null,"label":"","taskName":"Greeting","parent":"1612814195775","painted":false,"taskNotes":"<p><br></p>","outputTask":"1612814195775","outputVariable":"greeting","expressionType":"string","addedToConfig":false},"1612814195777":{"id":"1612814195777","type":"expression","position":{},"expression":[{"type":"data","source":"constant","value":" Here's your "},{"type":"operator","operator":"+","symbol":"+"},{"type":"data","sourceText":"Output of Branch ( Branch )","source":"1612813354878","value":"name"},{"type":"operator","operator":"+","symbol":"+"},{"type":"data","source":"constant","value":" password reset link: <br><br>"},{"type":"operator","operator":"+","symbol":"+"},{"type":"data","source":"constant","value":"<a href=\""},{"type":"operator","operator":"+","symbol":"+"},{"type":"data","sourceText":"Output of Reset URL","source":"1612813601084"},{"type":"operator","operator":"+","symbol":"+"},{"type":"data","source":"constant","value":"\" title=\"Go to Password Reset\">Reset Link</a>"},{"type":"operator","operator":"+","symbol":"+"},{"type":"data","source":"constant","value":". <br><br> If you did not request this reset, you can ignore this message. <br><br>"}],"targetVariable":null,"label":"","taskName":"Body","parent":"1612814195776","painted":false,"taskNotes":"<p><br></p>","outputTask":"1612814195775","outputVariable":"body","expressionType":"string","addedToConfig":false},"1612814195778":{"id":"1612814195778","type":"service","value":"Utility Function","serviceType":"internal","position":{},"label":"","callType":"async","taskName":"To List","parent":"1612814195777","painted":false,"desc":"Utility Function","taskNotes":"<p><br></p>","utilityFunctionId":"createList","addedToConfig":false},"1612814195779":{"id":"1612814195779","type":"expression","position":{},"expression":[{"type":"data","sourceText":"Output of Save Data ( User )","source":"1598457034928","value":"recoveryEmail"}],"targetVariable":null,"label":"","taskName":"To Email","parent":"1612814195778","painted":false,"taskNotes":"<p><br></p>","outputVariable":"","expressionType":"string","addedToConfig":false},"1612814195780":{"id":"1612814195780","type":"service","value":"Utility Function","serviceType":"internal","position":{},"label":"","callType":"async","taskName":"Add to List","parent":"1612814195779","painted":false,"desc":"Utility Function","taskNotes":"<p><br></p>","utilityFunctionId":"addToList","inputTask":"1612814195779","inputValue":null,"targetTask":"1612814195778","targetValue":null,"addedToConfig":false},"1612814195781":{"id":"1612814195781","type":"createDataObject","position":{},"condition":"EmailData","mapping":[{"name":"dataObject","valueType":"variable","value":"rr_this_object","fieldType":"Object","list":false,"rr_dynamic_field_name_type":"","fromModel":"EmailObject","source":"1612814195775"},{"name":"from","valueType":"constant","value":"support@ole-education.com","fieldType":"String","list":false,"rr_dynamic_field_name_type":"","fromModel":""},{"name":"fromName","valueType":"variable","value":"name","fieldType":"String","list":false,"rr_dynamic_field_name_type":"","fromModel":"Branch","source":"1612813354878"},{"name":"subject","valueType":"constant","value":"Password Reset Requested","fieldType":"String","list":false,"rr_dynamic_field_name_type":"","fromModel":""},{"name":"to","valueType":"variable","value":null,"fieldType":"String","list":true,"rr_dynamic_field_name_type":"","source":"1612814195778"}],"label":"","taskName":"EmailData","parent":"1612814195780","painted":false,"taskNotes":"<p><br></p>","addedToConfig":false},"1612814195783":{"id":"1612814195783","type":"service","value":"Outgoing Email","serviceType":"internal","position":{},"label":"","callType":"async","taskName":"Send Email","parent":"1612814195781","painted":false,"desc":"Outgoing Email","taskNotes":"<p><br></p>","deviceModel":"","emailTemplateId":"5f47f79e8f0814ff0a917571","emailService":"amazon","inputTask":"1612814195781","inputValue":null,"addedToConfig":false},"1612815706524caseEnd":{"id":"1612815706524caseEnd","caseId":"1612815706524","switchId":"1596656019224","parent":"1612815802812_end","position":{},"type":"caseEnd","taskName":"Break","painted":false,"taskNotes":"<p><br></p>","addedToConfig":false},"1612815706524":{"id":"1612815706524","switchId":"1596656019224","type":"wfCase","position":{},"label":"","operator":"equals","taskName":"SET_NEW","parent":"1598457291008caseEnd","painted":false,"taskNotes":"<p><br></p>","caseValue":"SET_NEW","addedToConfig":false},"1612815718433":{"id":"1612815718433","type":"query","position":{},"source":null,"target":null,"mapping":[{"name":"_id","valueType":"variable","value":"_id","fieldType":"String","list":false,"fromModel":"User","comparator":"equals","source":"1612815757291"},{"name":"passwordResetTimestamp","valueType":"variable","value":"verificationCode","fieldType":"Time","list":false,"fromModel":"API_AuthenticationRequest","comparator":"equals","source":"rr_page_data"}],"label":"","filterBy":"criteria","searchOption":"one","operator":"and","taskName":"User","parent":"1612815757291","painted":false,"taskNotes":"<p><br></p>","ignoreSecurity":true,"queryType":"dynamic","relationshipMapping":[],"modelName":"User","addedToConfig":false,"selectFields":[],"sortFields":[],"useOwnerTenant":false},"1612815757291":{"id":"1612815757291","type":"createDataObject","position":{},"condition":"User","mapping":[{"name":"rr_this_object","valueType":"variable","value":"object","fieldType":null,"list":null,"rr_dynamic_field_name_type":"","fromModel":"API_AuthenticationRequest","source":"rr_page_data"}],"label":"","taskName":"TEMP User","parent":"1612815706524","painted":false,"taskNotes":"<p><br></p>","addedToConfig":false},"1612815802812_end":{"id":"1612815802812_end","decisionId":"1612815802812","position":{},"type":"decisionEnd","painted":false,"addedToConfig":false},"1612815802812_success_start":{"id":"1612815802812_success_start","decisionId":"1612815802812","parent":"1612815802812","position":{},"type":"decisionSucessStart","painted":false,"addedToConfig":false},"1612815802812_failure_start":{"id":"1612815802812_failure_start","decisionId":"1612815802812","parent":"1612815802812","position":{},"type":"decisionFailureStart","painted":false,"addedToConfig":false},"1612815802812_success_end":{"id":"1612815802812_success_end","decisionId":"1612815802812","parent":"1612815875229_end","position":{},"type":"decisionSucessEnd","painted":false,"addedToConfig":false},"1612815802812_failure_end":{"id":"1612815802812_failure_end","decisionId":"1612815802812","parent":"1612815972374","position":{},"type":"decisionFailureEnd","painted":false,"addedToConfig":false},"1612815802812":{"id":"1612815802812","type":"decision","newMapping":true,"position":{},"condition":null,"serviceName":null,"serviceType":null,"operator":"and","mapping":[{"sourceType":"notNull","sourceValue":null,"source":"1612815718433","sourceFieldType":null,"sourceModel":"User","isSourceList":null,"targetType":"variable","targetValue":null,"target":null,"targetFieldType":null,"targetModel":"","isTargetList":null,"comparator":null}],"label":"","parent":"1612815718433","painted":false,"taskNotes":"<p><br></p>","addedToConfig":false},"1612815819750":{"id":"1612815819750","type":"dataTransfer","position":{},"source":"mddui_page_input_data","sourceType":"page","sourceVariable":"rr_page_data","targetType":"page","target":"1612815718433","targetVariable":null,"resultVariable":null,"mapping":[{"name":"passwordView","valueType":"empty","value":null,"fieldType":"String","list":false,"rr_dynamic_field_name_type":"","fromModel":""},{"name":"verified","valueType":"constant","value":"true","fieldType":"Boolean","list":false,"rr_dynamic_field_name_type":"","fromModel":""},{"name":"verifiedDisplay","valueType":"constant","value":"<i class=\\","fieldType":"String","list":false,"rr_dynamic_field_name_type":"","fromModel":""},{"name":"password","valueType":"variable","value":"password","fieldType":"String","list":false,"rr_dynamic_field_name_type":"","fromModel":"API_AuthenticationRequest","source":"rr_page_data"},{"name":"passwordResetTimestamp","valueType":"constant","value":"0","fieldType":"Time","list":false,"rr_dynamic_field_name_type":"","fromModel":""},{"name":"passwordResetRequired","valueType":"constant","value":"false","fieldType":"Boolean","list":false,"rr_dynamic_field_name_type":"","fromModel":""}],"label":"","taskName":"Update Model in Memory","parent":"1612815802812_success_start","painted":false,"taskNotes":"<p><br></p>","condition":"User","showAllFields":false,"addedToConfig":false},"1612815861381":{"id":"1612815861381","type":"persist","position":{},"source":null,"target":null,"mapping":null,"label":"","taskName":"Save Data","parent":"1612815819750","isMerge":true,"taskNotes":"<p><br></p>","inputTask":"1612815718433","inputValue":null,"modelName":"User","ignoreSecurity":true,"addedToConfig":false,"painted":false},"1612815875229_end":{"id":"1612815875229_end","decisionId":"1612815875229","position":{},"type":"decisionEnd","painted":false,"addedToConfig":false},"1612815875229_success_start":{"id":"1612815875229_success_start","decisionId":"1612815875229","parent":"1612815875229","position":{},"type":"decisionSucessStart","painted":false,"addedToConfig":false},"1612815875229_failure_start":{"id":"1612815875229_failure_start","decisionId":"1612815875229","parent":"1612815875229","position":{},"type":"decisionFailureStart","painted":false,"addedToConfig":false},"1612815875229_success_end":{"id":"1612815875229_success_end","decisionId":"1612815875229","parent":"1612815913952","position":{},"type":"decisionSucessEnd","painted":false,"addedToConfig":false},"1612815875229_failure_end":{"id":"1612815875229_failure_end","decisionId":"1612815875229","parent":"1612815970335","position":{},"type":"decisionFailureEnd","painted":false,"addedToConfig":false},"1612815875229":{"id":"1612815875229","type":"decision","newMapping":true,"position":{},"condition":null,"serviceName":null,"serviceType":null,"operator":"and","mapping":[{"sourceType":"notNull","sourceValue":null,"source":"1612815861381","sourceFieldType":null,"sourceModel":"User","isSourceList":null,"targetType":"variable","targetValue":null,"target":null,"targetFieldType":null,"targetModel":"","isTargetList":null,"comparator":null}],"label":"","parent":"1612815861381","painted":false,"taskNotes":"<p><br></p>","addedToConfig":false},"1612815890406":{"id":"1612815890406","type":"expression","position":{},"expression":[{"type":"data","source":"constant","value":"Password Updated Successfully"}],"targetVariable":null,"label":"","taskName":"Password Updated Successfully","parent":"1612816615987","painted":false,"taskNotes":"<p><br></p>","expressionType":"string","addedToConfig":false},"1612815913952":{"id":"1612815913952","type":"service","value":"Utility Function","serviceType":"internal","position":{},"label":"","callType":"async","taskName":"Add Reason to List","parent":"1612815890406","painted":false,"desc":"Utility Function","taskNotes":"<p><br></p>","utilityFunctionId":"addToList","inputTask":"1612815890406","inputValue":"","targetTask":"1596655979263","targetValue":"reasons","addedToConfig":false},"1612815935230":{"id":"1612815935230","type":"expression","position":{},"expression":[{"type":"data","source":"constant","value":"Password Not Updated"}],"targetVariable":null,"label":"","taskName":"Password Not Updated","parent":"1612815875229_failure_start","painted":false,"taskNotes":"<p><br></p>","expressionType":"string","outputVariable":"","addedToConfig":false},"1612815937334":{"id":"1612815937334","type":"expression","position":{},"expression":[{"type":"data","source":"constant","value":"Invalid Verification"}],"targetVariable":null,"label":"","taskName":"Invalid Verification","parent":"1612815802812_failure_start","painted":false,"taskNotes":"<p><br></p>","expressionType":"string","addedToConfig":false},"1612815970335":{"id":"1612815970335","type":"service","value":"Utility Function","serviceType":"internal","position":{},"label":"","callType":"async","taskName":"Add Reason to List","parent":"1612815935230","painted":false,"desc":"Utility Function","taskNotes":"<p><br></p>","utilityFunctionId":"addToList","inputTask":"1612815935230","inputValue":null,"targetTask":"1596655979263","targetValue":"reasons","addedToConfig":false},"1612815972374":{"id":"1612815972374","type":"service","value":"Utility Function","serviceType":"internal","position":{},"label":"","callType":"async","taskName":"Add Reason to List","parent":"1612815937334","painted":false,"desc":"Utility Function","taskNotes":"<p><br></p>","utilityFunctionId":"addToList","inputTask":"1612815937334","inputValue":null,"targetTask":"1596655979263","targetValue":"reasons","addedToConfig":false},"1612816615987":{"id":"1612816615987","type":"dataTransfer","position":{},"source":"mddui_page_input_data","sourceType":"page","sourceVariable":"rr_page_data","targetType":"page","target":"1596655979263","targetVariable":null,"resultVariable":null,"mapping":[{"name":"object","valueType":"variable","value":"rr_this_object","fieldType":"Object","list":false,"rr_dynamic_field_name_type":"","fromModel":"User","source":"1612815861381"}],"label":"","taskName":"Update Model in Memory","parent":"1612815875229_success_start","painted":false,"taskNotes":"<p><br></p>","condition":"API_MainResponse","addedToConfig":false},"1612817677977":{"id":"1612817677977","switchId":"1596656019224","type":"wfCase","position":{},"label":"","operator":"equals","taskName":"SET_REQUIRED","parent":"1612815706524caseEnd","painted":false,"taskNotes":"<p><br></p>","caseValue":"SET_REQUIRED","addedToConfig":false},"1612817677977caseEnd":{"id":"1612817677977caseEnd","caseId":"1612817677977","switchId":"1596656019224","parent":"1612817677989_end","position":{},"type":"caseEnd","taskName":"Break","painted":false,"taskNotes":"<p><br></p>","addedToConfig":false},"1612817677987":{"id":"1612817677987","type":"createDataObject","position":{},"condition":"User","mapping":[{"name":"rr_this_object","valueType":"variable","value":"object","fieldType":null,"list":null,"rr_dynamic_field_name_type":"","fromModel":"API_AuthenticationRequest","source":"rr_page_data"}],"label":"","taskName":"TEMP User","parent":"1612817677977","painted":false,"taskNotes":"<p><br></p>","addedToConfig":false},"1612817677988":{"id":"1612817677988","type":"query","position":{},"source":null,"target":null,"mapping":[{"name":"_id","valueType":"variable","value":"_id","fieldType":"String","list":false,"fromModel":"User","comparator":"equals","source":"1612817677987"},{"name":"passwordView","valueType":"variable","value":"verificationCode","fieldType":"String","list":false,"fromModel":"API_AuthenticationRequest","comparator":"equals","source":"rr_page_data"}],"label":"","filterBy":"criteria","searchOption":"one","operator":"and","taskName":"User","parent":"1612817677987","painted":false,"taskNotes":"<p><br></p>","ignoreSecurity":true,"queryType":"dynamic","relationshipMapping":[],"modelName":"User","addedToConfig":false,"selectFields":[],"sortFields":[],"useOwnerTenant":false},"1612817677989":{"id":"1612817677989","type":"decision","newMapping":true,"position":{},"condition":null,"serviceName":null,"serviceType":null,"operator":"and","mapping":[{"sourceType":"notNull","sourceValue":null,"source":"1612817677988","sourceFieldType":null,"sourceModel":"User","isSourceList":null,"targetType":"variable","targetValue":null,"target":null,"targetFieldType":null,"targetModel":"","isTargetList":null,"comparator":null}],"label":"","parent":"1612817677988","painted":false,"taskNotes":"<p><br></p>","addedToConfig":false},"1612817677989_end":{"id":"1612817677989_end","decisionId":"1612817677989","position":{},"type":"decisionEnd","painted":false,"addedToConfig":false},"1612817677989_success_start":{"id":"1612817677989_success_start","decisionId":"1612817677989","parent":"1612817677989","position":{},"type":"decisionSucessStart","painted":false,"addedToConfig":false},"1612817677989_failure_start":{"id":"1612817677989_failure_start","decisionId":"1612817677989","parent":"1612817677989","position":{},"type":"decisionFailureStart","painted":false,"addedToConfig":false},"1612817677989_success_end":{"id":"1612817677989_success_end","decisionId":"1612817677989","parent":"1612817677993_end","position":{},"type":"decisionSucessEnd","painted":false,"addedToConfig":false},"1612817677989_failure_end":{"id":"1612817677989_failure_end","decisionId":"1612817677989","parent":"1612817678003","position":{},"type":"decisionFailureEnd","painted":false,"addedToConfig":false},"1612817677991":{"id":"1612817677991","type":"dataTransfer","position":{},"source":"mddui_page_input_data","sourceType":"page","sourceVariable":"rr_page_data","targetType":"page","target":"1612817677988","targetVariable":null,"resultVariable":null,"mapping":[{"name":"verified","valueType":"constant","value":"true","fieldType":"Boolean","list":false,"rr_dynamic_field_name_type":"","fromModel":""},{"name":"verifiedDisplay","valueType":"constant","value":"<i class=\"fas fa-badge-check\"></i>","fieldType":"String","list":false,"rr_dynamic_field_name_type":"","fromModel":""},{"name":"password","valueType":"variable","value":"password","fieldType":"String","list":false,"rr_dynamic_field_name_type":"","fromModel":"API_AuthenticationRequest","source":"rr_page_data"},{"name":"passwordResetRequired","valueType":"constant","value":"false","fieldType":"Boolean","list":false,"rr_dynamic_field_name_type":"","fromModel":""},{"name":"passwordResetTimestamp","valueType":"constant","value":"0","fieldType":"Time","list":false,"rr_dynamic_field_name_type":"","fromModel":""},{"name":"passwordView","valueType":"constant","value":null,"fieldType":"String","list":false,"rr_dynamic_field_name_type":"","fromModel":""}],"label":"","taskName":"Update Model in Memory","parent":"1612817677989_success_start","painted":false,"taskNotes":"<p><br></p>","condition":"User","showAllFields":false,"addedToConfig":false},"1612817677992":{"id":"1612817677992","type":"persist","position":{},"source":null,"target":null,"mapping":null,"label":"","taskName":"Save Data","parent":"1612817677991","isMerge":true,"taskNotes":"<p><br></p>","inputTask":"1612817677988","inputValue":null,"modelName":"User","ignoreSecurity":true,"addedToConfig":false,"painted":false},"1612817677993":{"id":"1612817677993","type":"decision","newMapping":true,"position":{},"condition":null,"serviceName":null,"serviceType":null,"operator":"and","mapping":[{"sourceType":"notNull","sourceValue":null,"source":"1612817677992","sourceFieldType":null,"sourceModel":"User","isSourceList":null,"targetType":"variable","targetValue":null,"target":null,"targetFieldType":null,"targetModel":"","isTargetList":null,"comparator":null}],"label":"","parent":"1612817677992","painted":false,"taskNotes":"<p><br></p>","addedToConfig":false},"1612817677993_end":{"id":"1612817677993_end","decisionId":"1612817677993","position":{},"type":"decisionEnd","painted":false,"addedToConfig":false},"1612817677993_success_start":{"id":"1612817677993_success_start","decisionId":"1612817677993","parent":"1612817677993","position":{},"type":"decisionSucessStart","painted":false,"addedToConfig":false},"1612817677993_failure_start":{"id":"1612817677993_failure_start","decisionId":"1612817677993","parent":"1612817677993","position":{},"type":"decisionFailureStart","painted":false,"addedToConfig":false},"1612817677993_success_end":{"id":"1612817677993_success_end","decisionId":"1612817677993","parent":"1612817677996","position":{},"type":"decisionSucessEnd","painted":false,"addedToConfig":false},"1612817677993_failure_end":{"id":"1612817677993_failure_end","decisionId":"1612817677993","parent":"1612817677999","position":{},"type":"decisionFailureEnd","painted":false,"addedToConfig":false},"1612817677994":{"id":"1612817677994","type":"dataTransfer","position":{},"source":"mddui_page_input_data","sourceType":"page","sourceVariable":"rr_page_data","targetType":"page","target":"1596655979263","targetVariable":null,"resultVariable":null,"mapping":[{"name":"object","valueType":"variable","value":"rr_this_object","fieldType":"Object","list":false,"rr_dynamic_field_name_type":"","fromModel":"User","source":"1612817677992"}],"label":"","taskName":"Update Model in Memory","parent":"1612817677993_success_start","painted":false,"taskNotes":"<p><br></p>","condition":"API_MainResponse","addedToConfig":false},"1612817677995":{"id":"1612817677995","type":"expression","position":{},"expression":[{"type":"data","source":"constant","value":"Password Updated Successfully"}],"targetVariable":null,"label":"","taskName":"Password Updated Successfully","parent":"1612817677994","painted":false,"taskNotes":"<p><br></p>","expressionType":"string","addedToConfig":false},"1612817677996":{"id":"1612817677996","type":"service","value":"Utility Function","serviceType":"internal","position":{},"label":"","callType":"async","taskName":"Add Reason to List","parent":"1612817677995","painted":false,"desc":"Utility Function","taskNotes":"<p><br></p>","utilityFunctionId":"addToList","inputTask":"1612817677995","inputValue":null,"targetTask":"1596655979263","targetValue":"reasons","addedToConfig":false},"1612817677998":{"id":"1612817677998","type":"expression","position":{},"expression":[{"type":"data","source":"constant","value":"Password Not Updated"}],"targetVariable":null,"label":"","taskName":"Password Not Updated","parent":"1612817677993_failure_start","painted":false,"taskNotes":"<p><br></p>","expressionType":"string","outputVariable":"","addedToConfig":false},"1612817677999":{"id":"1612817677999","type":"service","value":"Utility Function","serviceType":"internal","position":{},"label":"","callType":"async","taskName":"Add Reason to List","parent":"1612817677998","painted":false,"desc":"Utility Function","taskNotes":"<p><br></p>","utilityFunctionId":"addToList","inputTask":"1612817677998","inputValue":null,"targetTask":"1596655979263","targetValue":"reasons","addedToConfig":false},"1612817678002":{"id":"1612817678002","type":"expression","position":{},"expression":[{"type":"data","source":"constant","value":"Invalid Verification"}],"targetVariable":null,"label":"","taskName":"Invalid Verification","parent":"1612817677989_failure_start","painted":false,"taskNotes":"<p><br></p>","expressionType":"string","addedToConfig":false},"1612817678003":{"id":"1612817678003","type":"service","value":"Utility Function","serviceType":"internal","position":{},"label":"","callType":"async","taskName":"Add Reason to List","parent":"1612817678002","painted":false,"desc":"Utility Function","taskNotes":"<p><br></p>","utilityFunctionId":"addToList","inputTask":"1612817678002","inputValue":null,"targetTask":"1596655979263","targetValue":"reasons","addedToConfig":false},"1680193980359":{"id":"1680193980359","type":"query","position":{},"source":null,"target":null,"mapping":[{"name":"baseURL","valueType":"variable","value":"baseURL","fieldType":"String","list":false,"fromModel":"API_AuthenticationRequest","comparator":"contains","source":"rr_page_data"}],"label":"","filterBy":"criteria","searchOption":"one","operator":"and","taskName":"Branch_URL","parent":"1612813354878","painted":false,"taskNotes":"<p><br></p>","ignoreSecurity":true,"queryType":"dynamic","relationshipMapping":[],"selectFields":[],"sortFields":[],"modelName":"Branch_URL","addedToConfig":false,"useOwnerTenant":true},"1680194296136_end":{"id":"1680194296136_end","decisionId":"1680194296136","position":{},"type":"decisionEnd","painted":false,"addedToConfig":false},"1680194296136_success_start":{"id":"1680194296136_success_start","decisionId":"1680194296136","parent":"1680194296136","position":{},"type":"decisionSucessStart","painted":false,"addedToConfig":false},"1680194296136_failure_start":{"id":"1680194296136_failure_start","decisionId":"1680194296136","parent":"1680194296136","position":{},"type":"decisionFailureStart","painted":false,"addedToConfig":false},"1680194296136_success_end":{"id":"1680194296136_success_end","decisionId":"1680194296136","parent":"1680194296136_success_start","position":{},"type":"decisionSucessEnd","painted":false,"addedToConfig":false},"1680194296136_failure_end":{"id":"1680194296136_failure_end","decisionId":"1680194296136","parent":"1680194469231","position":{},"type":"decisionFailureEnd","painted":false,"addedToConfig":false},"1680194296136":{"id":"1680194296136","type":"decision","newMapping":true,"position":{},"condition":null,"serviceName":null,"serviceType":null,"operator":"and","mapping":[{"sourceType":"variable","sourceValue":"baseURL","source":"rr_page_data","sourceFieldType":"String","sourceModel":"API_AuthenticationRequest","isSourceList":false,"targetType":"variable","targetValue":null,"target":null,"targetFieldType":null,"targetModel":"","isTargetList":null,"comparator":"notEmpty"}],"label":"","parent":"1596827555888","painted":false,"taskNotes":"<p><br></p>","addedToConfig":false},"1680194309050_end":{"id":"1680194309050_end","decisionId":"1680194309050","position":{},"type":"decisionEnd","painted":false,"addedToConfig":false},"1680194309050_success_start":{"id":"1680194309050_success_start","decisionId":"1680194309050","parent":"1680194309050","position":{},"type":"decisionSucessStart","painted":false,"addedToConfig":false},"1680194309050_failure_start":{"id":"1680194309050_failure_start","decisionId":"1680194309050","parent":"1680194309050","position":{},"type":"decisionFailureStart","painted":false,"addedToConfig":false},"1680194309050_success_end":{"id":"1680194309050_success_end","decisionId":"1680194309050","parent":"1680194309050_success_start","position":{},"type":"decisionSucessEnd","painted":false,"addedToConfig":false},"1680194309050_failure_end":{"id":"1680194309050_failure_end","decisionId":"1680194309050","parent":"1680194460012","position":{},"type":"decisionFailureEnd","painted":false,"addedToConfig":false},"1680194309050":{"id":"1680194309050","type":"decision","newMapping":true,"position":{},"condition":null,"serviceName":null,"serviceType":null,"operator":"and","mapping":[{"sourceType":"notNull","sourceValue":null,"source":"1680193980359","sourceFieldType":null,"sourceModel":"Branch_URL","isSourceList":null,"targetType":"variable","targetValue":null,"target":null,"targetFieldType":null,"targetModel":"","isTargetList":null,"comparator":null}],"label":"","parent":"1680193980359","painted":false,"taskNotes":"<p>t</p>","addedToConfig":false},"1680194324759":{"id":"1680194324759","type":"dataTransfer","position":{},"source":"mddui_page_input_data","sourceType":"page","sourceVariable":"rr_page_data","targetType":"page","target":"1596655979263","targetVariable":null,"resultVariable":null,"mapping":[{"name":"status","valueType":"constant","value":"FAILED","fieldType":"String","list":false,"rr_dynamic_field_name_type":"","fromModel":""}],"label":"","taskName":"Update Model in Memory","parent":"1680194296136_failure_start","painted":false,"taskNotes":"<p><br></p>","condition":"API_MainResponse","addedToConfig":false},"1680194328916":{"id":"1680194328916","type":"expression","position":{},"expression":[{"type":"data","source":"constant","value":"baseURL Not Defined"}],"targetVariable":null,"label":"","taskName":"baseURL Not Defined","parent":"1680194324759","painted":false,"taskNotes":"<p><br></p>","outputVariable":"","expressionType":"string","addedToConfig":false},"1680194332436":{"id":"1680194332436","type":"service","value":"Utility Function","serviceType":"internal","position":{},"label":"","callType":"async","taskName":"Add Reason to List","parent":"1680194328916","painted":false,"desc":"Utility Function","taskNotes":"<p><br></p>","utilityFunctionId":"addToList","inputTask":"1680194328916","inputValue":null,"targetTask":"1596655979263","targetValue":"reasons","addedToConfig":false,"addAtIndexType":"constant","addAtIndex":false},"1680194362858":{"id":"1680194362858","type":"service","value":"Utility Function","serviceType":"internal","position":{},"label":"","callType":"async","taskName":"Add Reason to List","parent":"1680194367825","painted":false,"desc":"Utility Function","taskNotes":"<p><br></p>","utilityFunctionId":"addToList","inputTask":"1680194367825","inputValue":null,"targetTask":"1596655979263","targetValue":"reasons","addedToConfig":false,"addAtIndexType":"constant","addAtIndex":false},"1680194367825":{"id":"1680194367825","type":"expression","position":{},"expression":[{"type":"data","source":"constant","value":"Branch_URL Not Found"}],"targetVariable":null,"label":"","taskName":"Branch_URL Not Found","parent":"1680194377689","painted":false,"taskNotes":"<p><br></p>","outputVariable":"","expressionType":"string","addedToConfig":false},"1680194377689":{"id":"1680194377689","type":"dataTransfer","position":{},"source":"mddui_page_input_data","sourceType":"page","sourceVariable":"rr_page_data","targetType":"page","target":"1596655979263","targetVariable":null,"resultVariable":null,"mapping":[{"name":"status","valueType":"constant","value":"FAILED","fieldType":"String","list":false,"rr_dynamic_field_name_type":"","fromModel":""}],"label":"","taskName":"Update Model in Memory","parent":"1680194309050_failure_start","painted":false,"taskNotes":"<p><br></p>","condition":"API_MainResponse","addedToConfig":false},"1680194460012":{"id":"1680194460012","type":"goTo","position":{},"mapping":null,"label":"","taskId":"15966559698351000","taskParent":"1596656019224switchEnd","taskName":"Go To","parent":"1680194362858","painted":false,"taskNotes":"<p><br></p>","addedToConfig":false},"1680194469231":{"id":"1680194469231","type":"goTo","position":{},"mapping":null,"label":"","taskId":"15966559698351000","taskParent":"1596656019224switchEnd","taskName":"Go To","parent":"1680194332436","painted":false,"taskNotes":"<p><br></p>","addedToConfig":false},"1710536138647":{"id":"1710536138647","type":"expression","position":{},"expression":[{"type":"data","sourceText":"Output of Reset URL","source":"1612813601084"}],"targetVariable":null,"label":"","taskName":"URL Link","parent":"1598457055876","painted":false,"taskNotes":"<p><br></p>","expressionType":"string","outputTask":"1598457055873","outputVariable":"link1","addedToConfig":false},"1713904038619":{"id":"1713904038619","type":"service","value":"Get Environment Config value","serviceType":"internal","position":{},"label":"","callType":"async","taskName":"Config Twilio Number","parent":"1598457055881","painted":false,"desc":"Get Environment Config value","taskNotes":"<p><br></p>","inputTask":"","inputValue":"TwilioFromPhoneNumber","addedToConfig":false}},"decisionsMap":{"1596827655812":{"success":"1596827655812_success_start","failure":"1596827655812_failure_start","successEnd":"1596827655812_success_end","failureEnd":"1596827655812_failure_end","end":"1596827655812_end","root":true},"1596827719990":{"success":"1596827719990_success_start","failure":"1596827719990_failure_start","successEnd":"1596827719990_success_end","failureEnd":"1596827719990_failure_end","end":"1596827719990_end","root":false},"1596828153149":{"root":false,"success":"1596828153149_success_start","failure":"1596828153149_failure_start","successEnd":"1596828153149_success_end","failureEnd":"1596828153149_failure_end","end":"1596828153149_end"},"1596828213463":{"root":false,"success":"1596828213463_success_start","failure":"1596828213463_failure_start","successEnd":"1596828213463_success_end","failureEnd":"1596828213463_failure_end","end":"1596828213463_end"},"1596830406546":{"success":"1596830406546_success_start","failure":"1596830406546_failure_start","successEnd":"1596830406546_success_end","failureEnd":"1596830406546_failure_end","end":"1596830406546_end","root":false},"1598457043687":{"success":"1598457043687_success_start","failure":"1598457043687_failure_start","successEnd":"1598457043687_success_end","failureEnd":"1598457043687_failure_end","end":"1598457043687_end","root":false},"1598457333465":{"success":"1598457333465_success_start","failure":"1598457333465_failure_start","successEnd":"1598457333465_success_end","failureEnd":"1598457333465_failure_end","end":"1598457333465_end","root":false},"1598457368130":{"success":"1598457368130_success_start","failure":"1598457368130_failure_start","successEnd":"1598457368130_success_end","failureEnd":"1598457368130_failure_end","end":"1598457368130_end","root":false},"1612815802812":{"success":"1612815802812_success_start","failure":"1612815802812_failure_start","successEnd":"1612815802812_success_end","failureEnd":"1612815802812_failure_end","end":"1612815802812_end","root":false},"1612815875229":{"success":"1612815875229_success_start","failure":"1612815875229_failure_start","successEnd":"1612815875229_success_end","failureEnd":"1612815875229_failure_end","end":"1612815875229_end","root":false},"1612817677989":{"root":false,"success":"1612817677989_success_start","failure":"1612817677989_failure_start","successEnd":"1612817677989_success_end","failureEnd":"1612817677989_failure_end","end":"1612817677989_end"},"1612817677993":{"root":false,"success":"1612817677993_success_start","failure":"1612817677993_failure_start","successEnd":"1612817677993_success_end","failureEnd":"1612817677993_failure_end","end":"1612817677993_end"},"1680194296136":{"success":"1680194296136_success_start","failure":"1680194296136_failure_start","successEnd":"1680194296136_success_end","failureEnd":"1680194296136_failure_end","end":"1680194296136_end","root":false},"1680194309050":{"success":"1680194309050_success_start","failure":"1680194309050_failure_start","successEnd":"1680194309050_success_end","failureEnd":"1680194309050_failure_end","end":"1680194309050_end","root":false}},"active":false,"scheduler":false,"savedId":null,"workInProgress":false,"uiFLow":false,"startTaskId":"1596655969835","shouldSecure":true,"allowExecutionForAll":true,"testCase":false,"testSuite":false,"sequence":1,"internal":false,"triggeredFromBpm":false,"inputModel":"API_AuthenticationRequest","outputModel":null,"appName":null}]