[{"id":"667eda808f08313adc30c69e","companyId":"5f47ce0c8f0815394ff3bd8a","createdDate":1719589504286,"updatedDate":1719589687475,"versionId":0,"referenceId":null,"systemStatus":null,"updatedByUserId":"5f4d87978f086f27a2ab1467","updatedByUserName":"Chris Lamberth","systemStatusText":null,"userTypes":[],"requirementIds":[],"name":"Branch_Get_TagsForUser","sourceReferenceId":null,"sourceReferenceAppId":null,"lockedByUserId":null,"lockedByUserName":null,"publicArtifact":false,"enableOffline":false,"locked":false,"canUnlock":false,"publishComment":null,"importantPublish":false,"appId":"5f47f6158f0814ff0a917552","dataModel":"Branch_UserTags","inputDataModel":"API_BranchRequest","operator":"and","relationshipOperator":"and","onlySelectedFields":false,"dynamicSearchCriteria":true,"dynamicCriteriaFieldName":"list","relationshipFilters":null,"selectFields":null,"sortFields":null,"conditions":[{"fieldName":"branchId","fieldValue":"","dynamicOpeartor":false,"operator":"$eq","fieldType":null,"dynamicFieldName":false,"dynamicFilter":true,"filterValueToken":false,"ignoreCase":false,"fieldListValue":null,"additionalValueDynamic":false,"additionalValueField":null,"additionalValue":0.0,"location":null,"locations":null,"leftModelLabel":null,"rightModelLabel":null,"rightFieldName":null}],"relationFilterFieldName":null,"limit":50,"randomizeResults":false,"hidden":false,"platformObjects":false,"dynamicDataModel":false,"dataModelField":null,"platformObjectName":null,"inputRecordModel":null,"inputRecordField":null,"allRelations":false,"relatedDataModel":null,"relationName":null,"outputDataModel":null,"outputFieldName":null,"sourceDatabase":null,"aggregation":false,"multipleModels":false,"joinModels":null,"joinConditions":null,"deletedData":false,"auditData":false,"auditRecordIdField":null,"aggregationFields":null,"groupFields":null,"createScreen":false,"pageId":null,"pageModelName":null,"pageModelId":null,"securityConditions":null}]