[{"id":"626c135e8f08bf10ebb6e996","companyId":"5f47ce0c8f0815394ff3bd8a","createdDate":1719589883524,"updatedDate":1719589883524,"versionId":1,"referenceId":null,"systemStatus":"P","updatedByUserId":"5f4d87978f086f27a2ab1467","updatedByUserName":"Chris Lamberth","systemStatusText":null,"userTypes":null,"requirementIds":null,"name":"API_Branch_Get_TagsForUser","sourceReferenceId":null,"sourceReferenceAppId":null,"lockedByUserId":null,"lockedByUserName":null,"publicArtifact":false,"enableOffline":false,"locked":false,"canUnlock":false,"publishComment":" ","importantPublish":false,"appId":"5f47f6158f0814ff0a917552","folderId":"","initializer":null,"triggerType":"workflow","flow":[],"createdBy":null,"lastModifiedBy":null,"objectsMap":{"1651180849624":{"id":"1651180849624","type":"startObject","value":null,"taskName":"Start","triggerType":"workflow","addedToConfig":true,"painted":true,"position":{},"taskNotes":"<p><br></p>","modelName":"API_BranchRequest","desc":"API_BranchRequest","output":"API_MainResponse"},"16511808496241000":{"id":"16511808496241000","parent":"1651181129776_end","systemExit":true,"type":"return","returnType":"return","taskName":"Exit","label":"","addedToConfig":false,"painted":false,"position":{},"taskNotes":"<p><br></p>","desc":"Return","outputTask":"1651180869662"},"1651180869662":{"id":"1651180869662","type":"createDataObject","position":{},"condition":"API_MainResponse","mapping":[{"name":"status","valueType":"constant","value":"SUCCESS","fieldType":"String","list":false,"rr_dynamic_field_name_type":"","fromModel":""}],"label":"","taskName":"API_MainResponse","parent":"1651180849624","painted":false,"taskNotes":"<p><br></p>","addedToConfig":false},"1651180892365_end":{"id":"1651180892365_end","decisionId":"1651180892365","position":{},"type":"decisionEnd","painted":false,"taskNotes":"<p><br></p>","addedToConfig":false},"1651180892365_success_start":{"id":"1651180892365_success_start","decisionId":"1651180892365","parent":"1651180892365","position":{},"type":"decisionSucessStart","painted":false,"addedToConfig":false},"1651180892365_failure_start":{"id":"1651180892365_failure_start","decisionId":"1651180892365","parent":"1651180892365","position":{},"type":"decisionFailureStart","painted":false,"addedToConfig":false},"1651180892365_success_end":{"id":"1651180892365_success_end","decisionId":"1651180892365","parent":"1651180892365_success_start","position":{},"type":"decisionSucessEnd","painted":false,"addedToConfig":false},"1651180892365_failure_end":{"id":"1651180892365_failure_end","decisionId":"1651180892365","parent":"1651180915549","position":{},"type":"decisionFailureEnd","painted":false,"addedToConfig":false},"1651180892365":{"id":"1651180892365","type":"decision","newMapping":true,"position":{},"condition":null,"serviceName":null,"serviceType":null,"operator":"and","mapping":[{"sourceType":"variable","sourceValue":"branchId","source":"rr_page_data","sourceFieldType":"String","sourceModel":"API_BranchRequest","isSourceList":false,"targetType":"variable","targetValue":null,"target":null,"targetFieldType":null,"targetModel":"","isTargetList":null,"comparator":"notEmpty"}],"label":"","parent":"1651180869662","painted":false,"taskNotes":"<p><br></p>","addedToConfig":false},"1651180907869":{"id":"1651180907869","type":"dataTransfer","position":{},"source":"mddui_page_input_data","sourceType":"page","sourceVariable":"rr_page_data","targetType":"page","target":"1651180869662","targetVariable":null,"resultVariable":null,"mapping":[{"name":"status","valueType":"constant","value":"FAILED","fieldType":"String","list":false,"rr_dynamic_field_name_type":"","fromModel":""}],"label":"","taskName":"Update Model in Memory","parent":"1651180892365_failure_start","painted":false,"taskNotes":"<p><br></p>","condition":"API_MainResponse","addedToConfig":false},"1651180911710":{"id":"1651180911710","type":"expression","position":{},"expression":[{"type":"data","source":"constant","value":"branchId Not Defined"}],"targetVariable":null,"label":"","taskName":"branchId Not Defined","parent":"1651180907869","painted":false,"taskNotes":"<p><br></p>","outputVariable":"","expressionType":"string","addedToConfig":false},"1651180915549":{"id":"1651180915549","type":"service","value":"Utility Function","serviceType":"internal","position":{},"label":"","callType":"async","taskName":"Add Reason to List","parent":"1651180911710","painted":false,"desc":"Utility Function","taskNotes":"<p><br></p>","utilityFunctionId":"addToList","addAtIndexType":"constant","addAtIndex":false,"inputTask":"1651180911710","inputValue":"","targetTask":"1651180869662","targetValue":"reasons","addedToConfig":false},"1651180954957":{"id":"1651180954957","type":"decision","newMapping":true,"position":{},"condition":null,"serviceName":null,"serviceType":null,"operator":"and","mapping":[{"sourceType":"variable","sourceValue":"userId","source":"rr_page_data","sourceFieldType":"String","sourceModel":"API_BranchRequest","isSourceList":false,"targetType":"variable","targetValue":null,"target":null,"targetFieldType":null,"targetModel":"","isTargetList":null,"comparator":"notEmpty"}],"label":"","parent":"1651180892365_end","painted":false,"taskNotes":"<p><br></p>","addedToConfig":false},"1651180954957_end":{"id":"1651180954957_end","decisionId":"1651180954957","position":{},"type":"decisionEnd","painted":false,"taskNotes":"<p><br></p>","addedToConfig":false},"1651180954957_success_start":{"id":"1651180954957_success_start","decisionId":"1651180954957","parent":"1651180954957","position":{},"type":"decisionSucessStart","painted":false,"addedToConfig":false},"1651180954957_failure_start":{"id":"1651180954957_failure_start","decisionId":"1651180954957","parent":"1651180954957","position":{},"type":"decisionFailureStart","painted":false,"addedToConfig":false},"1651180954957_success_end":{"id":"1651180954957_success_end","decisionId":"1651180954957","parent":"1651180954957_success_start","position":{},"type":"decisionSucessEnd","painted":false,"addedToConfig":false},"1651180954957_failure_end":{"id":"1651180954957_failure_end","decisionId":"1651180954957","parent":"1651180954962","position":{},"type":"decisionFailureEnd","painted":false,"addedToConfig":false},"1651180954959":{"id":"1651180954959","type":"dataTransfer","position":{},"source":"mddui_page_input_data","sourceType":"page","sourceVariable":"rr_page_data","targetType":"page","target":"1651180869662","targetVariable":null,"resultVariable":null,"mapping":[{"name":"status","valueType":"constant","value":"FAILED","fieldType":"String","list":false,"rr_dynamic_field_name_type":"","fromModel":""}],"label":"","taskName":"Update Model in Memory","parent":"1651180954957_failure_start","painted":false,"taskNotes":"<p><br></p>","condition":"API_MainResponse","addedToConfig":false},"1651180954961":{"id":"1651180954961","type":"expression","position":{},"expression":[{"type":"data","source":"constant","value":"userId Not Defined"}],"targetVariable":null,"label":"","taskName":"userId Not Defined","parent":"1651180954959","painted":false,"taskNotes":"<p><br></p>","outputVariable":"","expressionType":"string","addedToConfig":false},"1651180954962":{"id":"1651180954962","type":"service","value":"Utility Function","serviceType":"internal","position":{},"label":"","callType":"async","taskName":"Add Reason to List","parent":"1651180954961","painted":false,"desc":"Utility Function","taskNotes":"<p><br></p>","utilityFunctionId":"addToList","addAtIndexType":"constant","addAtIndex":false,"inputTask":"1651180954961","inputValue":"","targetTask":"1651180869662","targetValue":"reasons","addedToConfig":false},"1651180984895_end":{"id":"1651180984895_end","decisionId":"1651180984895","position":{},"type":"decisionEnd","painted":false,"addedToConfig":false},"1651180984895_success_start":{"id":"1651180984895_success_start","decisionId":"1651180984895","parent":"1651180984895","position":{},"type":"decisionSucessStart","painted":false,"addedToConfig":false},"1651180984895_failure_start":{"id":"1651180984895_failure_start","decisionId":"1651180984895","parent":"1651180984895","position":{},"type":"decisionFailureStart","painted":false,"addedToConfig":false},"1651180984895_success_end":{"id":"1651180984895_success_end","decisionId":"1651180984895","parent":"1651180999295","position":{},"type":"decisionSucessEnd","painted":false,"addedToConfig":false},"1651180984895_failure_end":{"id":"1651180984895_failure_end","decisionId":"1651180984895","parent":"1651180984895_failure_start","position":{},"type":"decisionFailureEnd","painted":false,"addedToConfig":false},"1651180984895":{"id":"1651180984895","type":"decision","newMapping":true,"position":{},"condition":null,"serviceName":null,"serviceType":null,"operator":"and","mapping":[{"sourceType":"variable","sourceValue":"status","source":"1651180869662","sourceFieldType":"String","sourceModel":"API_MainResponse","isSourceList":false,"targetType":"constant","targetValue":"FAILED","target":null,"targetFieldType":null,"targetModel":"","isTargetList":null,"comparator":"equals"}],"label":"","parent":"1651180954957_end","painted":false,"taskNotes":"<p><br></p>","addedToConfig":false},"1651180999295":{"id":"1651180999295","type":"goTo","position":{},"mapping":null,"label":"","taskId":"16511808496241000","taskParent":"1651180984895_end","taskName":"Go To","parent":"1651180984895_success_start","painted":false,"taskNotes":"<p><br></p>","addedToConfig":false},"1651181023807":{"id":"1651181023807","type":"service","value":"Utility Function","serviceType":"internal","position":{},"label":"","callType":"async","taskName":"Query Results","parent":"1651180984895_end","painted":false,"desc":"Utility Function","taskNotes":"<p><br></p>","utilityFunctionId":"createList","addAtIndexType":"constant","addAtIndex":false,"addedToConfig":false},"1651181035378_end":{"id":"1651181035378_end","decisionId":"1651181035378","position":{},"type":"decisionEnd","painted":false,"taskNotes":"<p><br></p>","addedToConfig":false},"1651181035378_success_start":{"id":"1651181035378_success_start","decisionId":"1651181035378","parent":"1651181035378","position":{},"type":"decisionSucessStart","painted":false,"addedToConfig":false},"1651181035378_failure_start":{"id":"1651181035378_failure_start","decisionId":"1651181035378","parent":"1651181035378","position":{},"type":"decisionFailureStart","painted":false,"addedToConfig":false},"1651181035378_success_end":{"id":"1651181035378_success_end","decisionId":"1651181035378","parent":"1719589781604","position":{},"type":"decisionSucessEnd","painted":false,"addedToConfig":false},"1651181035378_failure_end":{"id":"1651181035378_failure_end","decisionId":"1651181035378","parent":"1651181035378_failure_start","position":{},"type":"decisionFailureEnd","painted":false,"addedToConfig":false},"1651181035378":{"id":"1651181035378","type":"decision","newMapping":true,"position":{},"condition":null,"serviceName":null,"serviceType":null,"operator":"and","mapping":[{"sourceType":"variable","sourceValue":"userSearchInput1","source":"rr_page_data","sourceFieldType":"String","sourceModel":"API_BranchRequest","isSourceList":false,"targetType":"variable","targetValue":null,"target":null,"targetFieldType":null,"targetModel":"","isTargetList":null,"comparator":"notEmpty"}],"label":"","parent":"1719589745595","painted":false,"taskNotes":"<p><br></p>","addedToConfig":false},"1651181129776":{"id":"1651181129776","type":"decision","newMapping":true,"position":{},"condition":null,"serviceName":null,"serviceType":null,"operator":"and","mapping":[{"sourceType":"notNull","sourceValue":"userId","source":"1651181023807","sourceFieldType":"String","isSourceList":false,"targetType":"variable","targetValue":null,"target":null,"targetFieldType":null,"targetModel":"","isTargetList":null,"comparator":"notEmpty"}],"label":"","parent":"1719589805540","painted":false,"taskNotes":"<p><br></p>","addedToConfig":false},"1651181129776_end":{"id":"1651181129776_end","decisionId":"1651181129776","position":{},"type":"decisionEnd","painted":false,"taskNotes":"<p><br></p>","addedToConfig":false},"1651181129776_success_start":{"id":"1651181129776_success_start","decisionId":"1651181129776","parent":"1651181129776","position":{},"type":"decisionSucessStart","painted":false,"addedToConfig":false},"1651181129776_failure_start":{"id":"1651181129776_failure_start","decisionId":"1651181129776","parent":"1651181129776","position":{},"type":"decisionFailureStart","painted":false,"addedToConfig":false},"1651181129776_success_end":{"id":"1651181129776_success_end","decisionId":"1651181129776","parent":"1651181317142","position":{},"type":"decisionSucessEnd","painted":false,"addedToConfig":false},"1651181129776_failure_end":{"id":"1651181129776_failure_end","decisionId":"1651181129776","parent":"1651181129786","position":{},"type":"decisionFailureEnd","painted":false,"addedToConfig":false},"1651181129783":{"id":"1651181129783","type":"dataTransfer","position":{},"source":"mddui_page_input_data","sourceType":"page","sourceVariable":"rr_page_data","targetType":"page","target":"1651180869662","targetVariable":null,"resultVariable":null,"mapping":[{"name":"status","valueType":"constant","value":"FAILED","fieldType":"String","list":false,"rr_dynamic_field_name_type":"","fromModel":""}],"label":"","taskName":"Update Model in Memory","parent":"1651181129776_failure_start","painted":false,"taskNotes":"<p><br></p>","condition":"API_MainResponse","addedToConfig":false},"1651181129785":{"id":"1651181129785","type":"expression","position":{},"expression":[{"type":"data","source":"constant","value":"No Branch_UserTags Found"}],"targetVariable":null,"label":"","taskName":"No Branch_UserTags Found","parent":"1651181129783","painted":false,"taskNotes":"<p><br></p>","outputVariable":"","expressionType":"string","addedToConfig":false},"1651181129786":{"id":"1651181129786","type":"service","value":"Utility Function","serviceType":"internal","position":{},"label":"","callType":"async","taskName":"Add Reason to List","parent":"1651181129785","painted":false,"desc":"Utility Function","taskNotes":"<p><br></p>","utilityFunctionId":"addToList","addAtIndexType":"constant","addAtIndex":false,"inputTask":"1651181129785","inputValue":"","targetTask":"1651180869662","targetValue":"reasons","addedToConfig":false},"1651181160355iterationEnd":{"id":"1651181160355iterationEnd","iteratorId":"1651181160355","parent":"1651181209356_end","position":{},"type":"iterationEnd","painted":false,"addedToConfig":false},"1651181160355":{"id":"1651181160355","type":"iterator","iterationType":"for","position":{},"mapping":[],"label":"","taskName":"Current Branch_UserTag","parent":"1651181258581","painted":false,"counterType":"dynamic","operator":"and","taskNotes":"<p><br></p>","inputTask":"1651181023807","inputValue":"","inputDataModel":"Branch_UserTags","addedToConfig":false},"1651181174483":{"id":"1651181174483","type":"query","position":{},"source":null,"target":null,"mapping":[{"name":"_id","valueType":"variable","value":"_id","fieldType":"String","list":false,"fromModel":"Branch_UserTags","comparator":"equals","source":"1651181160355"}],"label":"","filterBy":"criteria","searchOption":"one","operator":"and","taskName":"Branch_UserTag","parent":"1651181160355","painted":false,"taskNotes":"<p><br></p>","ignoreSecurity":true,"queryType":"dynamic","relationshipMapping":[{"name":"hasUser","inputTask":"rr_page_data","inputValue":"userId","model":"User","fromModel":"API_BranchRequest"}],"selectFields":[{"fieldName":"_id"}],"sortFields":[],"modelName":"Branch_UserTags","addedToConfig":false},"1651181209356_end":{"id":"1651181209356_end","decisionId":"1651181209356","position":{},"type":"decisionEnd","painted":false,"addedToConfig":false},"1651181209356_success_start":{"id":"1651181209356_success_start","decisionId":"1651181209356","parent":"1651181209356","position":{},"type":"decisionSucessStart","painted":false,"addedToConfig":false},"1651181209356_failure_start":{"id":"1651181209356_failure_start","decisionId":"1651181209356","parent":"1651181209356","position":{},"type":"decisionFailureStart","painted":false,"addedToConfig":false},"1651181209356_success_end":{"id":"1651181209356_success_end","decisionId":"1651181209356","parent":"1651181209356_success_start","position":{},"type":"decisionSucessEnd","painted":false,"addedToConfig":false},"1651181209356_failure_end":{"id":"1651181209356_failure_end","decisionId":"1651181209356","parent":"1651181277196","position":{},"type":"decisionFailureEnd","painted":false,"addedToConfig":false},"1651181209356":{"id":"1651181209356","type":"decision","newMapping":true,"position":{},"condition":null,"serviceName":null,"serviceType":null,"operator":"and","mapping":[{"sourceType":"notNull","sourceValue":null,"source":"1651181174483","sourceFieldType":null,"sourceModel":"Branch_UserTags","isSourceList":null,"targetType":"variable","targetValue":null,"target":null,"targetFieldType":null,"targetModel":"","isTargetList":null,"comparator":null}],"label":"","parent":"1651181174483","painted":false,"taskNotes":"<p><br></p>","addedToConfig":false},"1651181258581":{"id":"1651181258581","type":"service","value":"Utility Function","serviceType":"internal","position":{},"label":"","callType":"async","taskName":"List For Response","parent":"1651181129776_success_start","painted":false,"desc":"Utility Function","taskNotes":"<p><br></p>","utilityFunctionId":"createList","addAtIndexType":"constant","addAtIndex":false,"addedToConfig":false},"1651181277196":{"id":"1651181277196","type":"service","value":"Utility Function","serviceType":"internal","position":{},"label":"","callType":"async","taskName":"Add to List","parent":"1651247568457_end","painted":false,"desc":"Utility Function","taskNotes":"<p><br></p>","utilityFunctionId":"addToList","addAtIndexType":"constant","addAtIndex":false,"inputTask":"1651181160355","inputValue":null,"targetTask":"1651181258581","targetValue":null,"addedToConfig":false},"1651181295238":{"id":"1651181295238","type":"dataTransfer","position":{},"source":"mddui_page_input_data","sourceType":"page","sourceVariable":"rr_page_data","targetType":"page","target":"1651180869662","targetVariable":null,"resultVariable":null,"mapping":[{"name":"list","valueType":"variable","value":null,"fieldType":"Object","list":true,"rr_dynamic_field_name_type":"","source":"1651181258581"}],"label":"","taskName":"Update Model in Memory","parent":"1651181160355iterationEnd","painted":false,"taskNotes":"<p><br></p>","condition":"API_MainResponse","addedToConfig":false},"1651181312829":{"id":"1651181312829","type":"expression","position":{},"expression":[{"type":"data","sourceText":"Output of List Size","source":"1651181326246"},{"type":"operator","operator":"+","symbol":"+"},{"type":"data","source":"constant","value":" Branch_UserTags Found"}],"targetVariable":null,"label":"","taskName":"# Branch_UserTags Found","parent":"1651181326246","painted":false,"taskNotes":"<p><br></p>","outputVariable":"","expressionType":"string","addedToConfig":false},"1651181317142":{"id":"1651181317142","type":"service","value":"Utility Function","serviceType":"internal","position":{},"label":"","callType":"async","taskName":"Add Reason to List","parent":"1651181312829","painted":false,"desc":"Utility Function","taskNotes":"<p><br></p>","utilityFunctionId":"addToList","addAtIndexType":"constant","addAtIndex":false,"inputTask":"1651181312829","inputValue":null,"targetTask":"1651180869662","targetValue":"reasons","addedToConfig":false},"1651181326246":{"id":"1651181326246","type":"service","value":"Utility Function","serviceType":"internal","position":{},"label":"","callType":"async","taskName":"List Size","parent":"1651181295238","painted":false,"desc":"Utility Function","taskNotes":"<p><br></p>","utilityFunctionId":"listSize","addAtIndexType":"constant","addAtIndex":false,"modelName":"","inputTask":"1651181258581","inputValue":"","addedToConfig":false},"1651247518602":{"id":"1651247518602","type":"dataTransfer","position":{},"source":"mddui_page_input_data","sourceType":"page","sourceVariable":"rr_page_data","targetType":"page","target":"rr_page_data","targetVariable":null,"resultVariable":null,"mapping":[{"name":"contentId","valueType":"variable","value":"_id","fieldType":"String","list":false,"rr_dynamic_field_name_type":"","fromModel":"Branch_UserTags","source":"1651181160355"}],"label":"","taskName":"Update Model in Memory","parent":"1651181209356_failure_start","painted":false,"taskNotes":"<p><br></p>","condition":"API_BranchRequest","addedToConfig":false},"1651247530889":{"id":"1651247530889","type":"query","position":{},"source":null,"target":null,"mapping":[],"label":"","filterBy":"criteria","searchOption":"one","operator":"and","taskName":"Admin Count","parent":"1651247518602","painted":false,"taskNotes":"<p><br></p>","ignoreSecurity":true,"queryType":"named","relationshipMapping":[],"selectFields":[],"sortFields":[],"query":"625f5b658f08bf10ebb6d7b2","modelName":"User","inputTask":"rr_page_data","inputValue":null,"addedToConfig":false},"1651247542082":{"id":"1651247542082","type":"decision","newMapping":true,"position":{},"condition":null,"serviceName":null,"serviceType":null,"operator":"and","mapping":[{"sourceType":"notNull","sourceValue":null,"source":"1651247530889","sourceFieldType":null,"sourceModel":"User","isSourceList":null,"targetType":"variable","targetValue":null,"target":null,"targetFieldType":null,"targetModel":"","isTargetList":null,"comparator":null}],"label":"","parent":"1651247530889","painted":false,"taskNotes":"<p><br></p>","addedToConfig":false},"1651247542082_end":{"id":"1651247542082_end","decisionId":"1651247542082","position":{},"type":"decisionEnd","painted":false,"taskNotes":"<p><br></p>","addedToConfig":false},"1651247542082_success_start":{"id":"1651247542082_success_start","decisionId":"1651247542082","parent":"1651247542082","position":{},"type":"decisionSucessStart","painted":false,"addedToConfig":false},"1651247542082_failure_start":{"id":"1651247542082_failure_start","decisionId":"1651247542082","parent":"1651247542082","position":{},"type":"decisionFailureStart","painted":false,"addedToConfig":false},"1651247542082_success_end":{"id":"1651247542082_success_end","decisionId":"1651247542082","parent":"1651247542084","position":{},"type":"decisionSucessEnd","painted":false,"addedToConfig":false},"1651247542082_failure_end":{"id":"1651247542082_failure_end","decisionId":"1651247542082","parent":"1651247542088","position":{},"type":"decisionFailureEnd","painted":false,"addedToConfig":false},"1651247542084":{"id":"1651247542084","type":"dataTransfer","position":{},"source":"mddui_page_input_data","sourceType":"page","sourceVariable":"rr_page_data","targetType":"page","target":"1651181160355","targetVariable":null,"resultVariable":null,"mapping":[{"name":"tempAdminCount","valueType":"variable","value":"tempCount","fieldType":"Number","list":false,"rr_dynamic_field_name_type":"","fromModel":"User","source":"1651247530889"}],"label":"","taskName":"Update Model in Memory","parent":"1651247542082_success_start","painted":false,"taskNotes":"<p><br></p>","condition":"Branch_UserTags","addedToConfig":false},"1651247542086":{"id":"1651247542086","type":"dataTransfer","position":{},"source":"mddui_page_input_data","sourceType":"page","sourceVariable":"rr_page_data","targetType":"page","target":"1651181160355","targetVariable":null,"resultVariable":null,"mapping":[{"name":"tempAdminCount","valueType":"constant","value":"0","fieldType":"Number","list":false,"rr_dynamic_field_name_type":"","fromModel":""}],"label":"","taskName":"Update Model in Memory","parent":"1651247542082_failure_start","painted":false,"taskNotes":"<p><br></p>","condition":"Branch_UserTags","addedToConfig":false},"1651247542087":{"id":"1651247542087","type":"expression","position":{},"expression":[{"type":"data","source":"constant","value":"No Admins Found for "},{"type":"operator","operator":"+","symbol":"+"},{"type":"data","sourceText":"Output of Current Branch_UserTag ( Branch_UserTags )","source":"1651181160355","value":"_id"}],"targetVariable":null,"label":"","taskName":"No Admins Found for <_id>","parent":"1651247542086","painted":false,"taskNotes":"<p><br></p>","outputVariable":"","expressionType":"string","addedToConfig":false},"1651247542088":{"id":"1651247542088","type":"service","value":"Utility Function","serviceType":"internal","position":{},"label":"","callType":"async","taskName":"Add Reason to List","parent":"1651247542087","painted":false,"desc":"Utility Function","taskNotes":"<p><br></p>","utilityFunctionId":"addToList","addAtIndexType":"constant","addAtIndex":false,"inputTask":"1651247542087","inputValue":null,"targetTask":"1651180869662","targetValue":"reasons","addedToConfig":false},"1651247555529":{"id":"1651247555529","type":"query","position":{},"source":null,"target":null,"mapping":[],"label":"","filterBy":"criteria","searchOption":"one","operator":"and","taskName":"User Count","parent":"1651247542082_end","painted":false,"taskNotes":"<p><br></p>","ignoreSecurity":true,"queryType":"named","relationshipMapping":[],"selectFields":[],"sortFields":[],"query":"625f5a5d8f08bf10ebb6d796","modelName":"User","inputTask":"rr_page_data","inputValue":null,"addedToConfig":false},"1651247568457":{"id":"1651247568457","type":"decision","newMapping":true,"position":{},"condition":null,"serviceName":null,"serviceType":null,"operator":"and","mapping":[{"sourceType":"notNull","sourceValue":null,"source":"1651247555529","sourceFieldType":null,"sourceModel":"User","isSourceList":null,"targetType":"variable","targetValue":null,"target":null,"targetFieldType":null,"targetModel":"","isTargetList":null,"comparator":null}],"label":"","parent":"1651247555529","painted":false,"taskNotes":"<p><br></p>","addedToConfig":false},"1651247568457_end":{"id":"1651247568457_end","decisionId":"1651247568457","position":{},"type":"decisionEnd","painted":false,"taskNotes":"<p><br></p>","addedToConfig":false},"1651247568457_success_start":{"id":"1651247568457_success_start","decisionId":"1651247568457","parent":"1651247568457","position":{},"type":"decisionSucessStart","painted":false,"addedToConfig":false},"1651247568457_failure_start":{"id":"1651247568457_failure_start","decisionId":"1651247568457","parent":"1651247568457","position":{},"type":"decisionFailureStart","painted":false,"addedToConfig":false},"1651247568457_success_end":{"id":"1651247568457_success_end","decisionId":"1651247568457","parent":"1651247568465","position":{},"type":"decisionSucessEnd","painted":false,"addedToConfig":false},"1651247568457_failure_end":{"id":"1651247568457_failure_end","decisionId":"1651247568457","parent":"1651247568469","position":{},"type":"decisionFailureEnd","painted":false,"addedToConfig":false},"1651247568465":{"id":"1651247568465","type":"dataTransfer","position":{},"source":"mddui_page_input_data","sourceType":"page","sourceVariable":"rr_page_data","targetType":"page","target":"1651181160355","targetVariable":null,"resultVariable":null,"mapping":[{"name":"tempUserCount","valueType":"variable","value":"tempCount","fieldType":"Number","list":false,"rr_dynamic_field_name_type":"","fromModel":"User","source":"1651247555529"}],"label":"","taskName":"Update Model in Memory","parent":"1651247568457_success_start","painted":false,"taskNotes":"<p><br></p>","condition":"Branch_UserTags","addedToConfig":false},"1651247568467":{"id":"1651247568467","type":"dataTransfer","position":{},"source":"mddui_page_input_data","sourceType":"page","sourceVariable":"rr_page_data","targetType":"page","target":"1651181160355","targetVariable":null,"resultVariable":null,"mapping":[{"name":"tempUserCount","valueType":"constant","value":"0","fieldType":"Number","list":false,"rr_dynamic_field_name_type":"","fromModel":""}],"label":"","taskName":"Update Model in Memory","parent":"1651247568457_failure_start","painted":false,"taskNotes":"<p><br></p>","condition":"Branch_UserTags","addedToConfig":false},"1651247568468":{"id":"1651247568468","type":"expression","position":{},"expression":[{"type":"data","source":"constant","value":"No Users Found for "},{"type":"operator","operator":"+","symbol":"+"},{"type":"data","sourceText":"Output of Current Branch_UserTag ( Branch_UserTags )","source":"1651181160355","value":"_id"}],"targetVariable":null,"label":"","taskName":"No Users Found for <_id>","parent":"1651247568467","painted":false,"taskNotes":"<p><br></p>","outputVariable":"","expressionType":"string","addedToConfig":false},"1651247568469":{"id":"1651247568469","type":"service","value":"Utility Function","serviceType":"internal","position":{},"label":"","callType":"async","taskName":"Add Reason to List","parent":"1651247568468","painted":false,"desc":"Utility Function","taskNotes":"<p><br></p>","utilityFunctionId":"addToList","addAtIndexType":"constant","addAtIndex":false,"inputTask":"1651247568468","inputValue":null,"targetTask":"1651180869662","targetValue":"reasons","addedToConfig":false},"1719588617807":{"id":"1719588617807","type":"createDataObject","position":{"top":299,"left":550},"condition":"SysQueryCriteria","mapping":[{"name":"field","valueType":"constant","value":"branchId","fieldType":"String","list":false,"rr_dynamic_field_name_type":"","fromModel":""},{"name":"operator","valueType":"constant","value":"$eq","fieldType":"String","list":false,"rr_dynamic_field_name_type":"","fromModel":""},{"name":"value","valueType":"variable","value":"branchId","fieldType":"String","list":false,"rr_dynamic_field_name_type":"","fromModel":"API_BranchRequest","source":"rr_page_data"}],"label":"","taskName":"Create Model Record","parent":"1651181023807","painted":false,"taskNotes":"<p><br></p>","addedToConfig":false},"1719588666365":{"id":"1719588666365","type":"createDataObject","position":{"top":299,"left":550},"condition":"SysQueryCriteria","mapping":[{"name":"value","valueType":"variable","value":"userSearchInput1","fieldType":"String","list":false,"rr_dynamic_field_name_type":"","fromModel":"API_BranchRequest","source":"rr_page_data"},{"name":"ignoreCase","valueType":"constant","value":"true","fieldType":"Boolean","list":false,"rr_dynamic_field_name_type":"","fromModel":""},{"name":"operator","valueType":"constant","value":"contains","fieldType":"String","list":false,"rr_dynamic_field_name_type":"","fromModel":""},{"name":"field","valueType":"constant","value":"name","fieldType":"String","list":false,"rr_dynamic_field_name_type":"","fromModel":""}],"label":"","taskName":"Create Model Record","parent":"1651181035378_success_start","painted":false,"taskNotes":"<p><br></p>","addedToConfig":false},"1719589745595":{"id":"1719589745595","type":"service","value":"Utility Function","serviceType":"internal","position":{"top":211,"left":436},"label":"","callType":"async","taskName":"Local Service","parent":"1719588617807","painted":false,"desc":"Utility Function","taskNotes":"<p><br></p>","utilityFunctionId":"addToList","addAtIndexType":"constant","addAtIndex":false,"inputTask":"1719588617807","inputValue":null,"targetTask":"rr_page_data","targetValue":"list","addedToConfig":false},"1719589781604":{"id":"1719589781604","type":"service","value":"Utility Function","serviceType":"internal","position":{"top":211,"left":436},"label":"","callType":"async","taskName":"Local Service","parent":"1719588666365","painted":false,"desc":"Utility Function","taskNotes":"<p><br></p>","utilityFunctionId":"addToList","addAtIndexType":"constant","addAtIndex":false,"inputTask":"1719588666365","inputValue":null,"targetTask":"rr_page_data","targetValue":"list","addedToConfig":false},"1719589805540":{"id":"1719589805540","type":"query","position":{},"source":null,"target":null,"mapping":[{"name":"branchId","valueType":"variable","value":"branchId","fieldType":"String","list":false,"fromModel":"API_BranchRequest","comparator":"equals","source":"rr_page_data"},{"name":"name","valueType":"variable","value":"userSearchInput1","fieldType":"String","list":false,"fromModel":"API_BranchRequest","comparator":"containsignorecase","source":"rr_page_data"}],"label":"","filterBy":"criteria","searchOption":"many","operator":"and","taskName":"Branch_UserTags","parent":"1651181035378_end","painted":false,"taskNotes":"<p><br></p>","ignoreSecurity":true,"queryType":"named","relationshipMapping":[],"selectFields":[],"sortFields":[{"fieldName":"name","sortOrder":1}],"modelName":"Branch_UserTags","addedToConfig":false,"query":"667eda808f08313adc30c69e","inputTask":"rr_page_data","inputValue":null,"outputTask":"1651181023807","outputValue":null}},"decisionsMap":{"1651180892365":{"success":"1651180892365_success_start","failure":"1651180892365_failure_start","successEnd":"1651180892365_success_end","failureEnd":"1651180892365_failure_end","end":"1651180892365_end","root":true},"1651180954957":{"root":false,"success":"1651180954957_success_start","failure":"1651180954957_failure_start","successEnd":"1651180954957_success_end","failureEnd":"1651180954957_failure_end","end":"1651180954957_end"},"1651180984895":{"success":"1651180984895_success_start","failure":"1651180984895_failure_start","successEnd":"1651180984895_success_end","failureEnd":"1651180984895_failure_end","end":"1651180984895_end","root":false},"1651181035378":{"success":"1651181035378_success_start","failure":"1651181035378_failure_start","successEnd":"1651181035378_success_end","failureEnd":"1651181035378_failure_end","end":"1651181035378_end","root":false},"1651181129776":{"root":false,"success":"1651181129776_success_start","failure":"1651181129776_failure_start","successEnd":"1651181129776_success_end","failureEnd":"1651181129776_failure_end","end":"1651181129776_end"},"1651181209356":{"success":"1651181209356_success_start","failure":"1651181209356_failure_start","successEnd":"1651181209356_success_end","failureEnd":"1651181209356_failure_end","end":"1651181209356_end","root":false},"1651247542082":{"root":false,"success":"1651247542082_success_start","failure":"1651247542082_failure_start","successEnd":"1651247542082_success_end","failureEnd":"1651247542082_failure_end","end":"1651247542082_end"},"1651247568457":{"root":false,"success":"1651247568457_success_start","failure":"1651247568457_failure_start","successEnd":"1651247568457_success_end","failureEnd":"1651247568457_failure_end","end":"1651247568457_end"}},"active":false,"scheduler":false,"savedId":null,"workInProgress":false,"uiFLow":false,"startTaskId":"1651180849624","shouldSecure":true,"allowExecutionForAll":false,"testCase":false,"testSuite":false,"sequence":1,"internal":false,"triggeredFromBpm":false,"inputModel":"API_BranchRequest","outputModel":"API_MainResponse","appName":null}]