[{"id":"5f7cd2798f0840cd96e3a9d7","companyId":"5f47ce0c8f0815394ff3bd8a","createdDate":1713910856480,"updatedDate":1713910856480,"versionId":64,"referenceId":null,"systemStatus":"P","updatedByUserId":"5f4d87898f086f27a2ab1466","updatedByUserName":"Sean Stevens","systemStatusText":null,"userTypes":null,"requirementIds":null,"name":"API_Course_Edit","sourceReferenceId":null,"sourceReferenceAppId":null,"lockedByUserId":null,"lockedByUserName":null,"publicArtifact":false,"enableOffline":false,"locked":false,"canUnlock":false,"publishComment":"added section to the Store_Inventory update task to reflect in Inventory Management","importantPublish":false,"appId":"5f47f6158f0814ff0a917552","folderId":"","initializer":null,"triggerType":"workflow","flow":[],"createdBy":null,"lastModifiedBy":null,"objectsMap":{"1602015865444":{"id":"1602015865444","type":"startObject","value":null,"taskName":"Start","triggerType":"workflow","addedToConfig":true,"painted":true,"position":{},"taskNotes":"<p><br></p>","modelName":"API_CourseRequest","desc":"API_CourseRequest"},"16020158654441000":{"id":"16020158654441000","parent":"1615912158167switchEnd","systemExit":true,"type":"return","returnType":"return","taskName":"Exit","label":"","addedToConfig":false,"painted":false,"position":{},"taskNotes":"<p><br></p>","desc":"Return","outputTask":"1615912323837"},"1615912158167switchEnd":{"id":"1615912158167switchEnd","switchId":"1615912158167","parent":"1615912184181caseEnd","position":{},"type":"switchEnd","taskName":"Switch End","painted":false,"addedToConfig":false,"taskNotes":"<p><br></p>"},"1615912158167":{"id":"1615912158167","type":"wfSwitch","position":{},"label":"","expressionType":"variable","taskName":"Switch","parent":"1615912323837","painted":false,"addedToConfig":false,"inputTask":"rr_page_data","inputValue":"actionType","taskNotes":"<p><br></p>"},"1615912184181caseEnd":{"id":"1615912184181caseEnd","caseId":"1615912184181","switchId":"1615912158167","parent":"1615913421496_end","position":{},"type":"caseEnd","taskName":"Break","painted":false,"addedToConfig":false},"1615912184181":{"id":"1615912184181","switchId":"1615912158167","type":"wfCase","position":{},"label":"","operator":"equals","taskName":"SCHEDULE","parent":"1618951102084caseEnd","painted":false,"taskNotes":"<p><br></p>","caseValue":"SCHEDULE","addedToConfig":false},"1615912323837":{"id":"1615912323837","type":"createDataObject","position":{},"condition":"API_MainResponse","mapping":[{"name":"status","valueType":"constant","value":"SUCCESS EH","fieldType":"String","list":false,"rr_dynamic_field_name_type":"","fromModel":""}],"label":"","taskName":"API_MainResponse","parent":"1602015865444","painted":false,"taskNotes":"<p><br></p>","showAllFields":false,"addedToConfig":false},"1615913421496_end":{"id":"1615913421496_end","decisionId":"1615913421496","position":{},"type":"decisionEnd","painted":false,"addedToConfig":false},"1615913421496_success_start":{"id":"1615913421496_success_start","decisionId":"1615913421496","parent":"1615913421496","position":{},"type":"decisionSucessStart","painted":false,"addedToConfig":false},"1615913421496_failure_start":{"id":"1615913421496_failure_start","decisionId":"1615913421496","parent":"1615913421496","position":{},"type":"decisionFailureStart","painted":false,"addedToConfig":false},"1615913421496_success_end":{"id":"1615913421496_success_end","decisionId":"1615913421496","parent":"1615913888985_end","position":{},"type":"decisionSucessEnd","painted":false,"addedToConfig":false},"1615913421496_failure_end":{"id":"1615913421496_failure_end","decisionId":"1615913421496","parent":"1615931993305","position":{},"type":"decisionFailureEnd","painted":false,"addedToConfig":false},"1615913421496":{"id":"1615913421496","type":"decision","newMapping":true,"position":{},"condition":null,"serviceName":null,"serviceType":null,"operator":"and","mapping":[{"sourceType":"variable","sourceValue":"startDate","source":"1615913575585","sourceFieldType":"Date","sourceModel":"Course_Schedule","isSourceList":false,"targetType":"variable","targetValue":null,"target":"1615913435441","targetFieldType":null,"isTargetList":null,"comparator":"greaterThan"}],"label":"","parent":"1615913575585","painted":false,"taskNotes":"<p><br></p>","addedToConfig":false},"1615913435441":{"id":"1615913435441","type":"service","value":"Utility Function","serviceType":"internal","position":{},"label":"","callType":"async","taskName":"Current Date","parent":"1615912184181","painted":false,"desc":"Utility Function","taskNotes":"<p><br></p>","utilityFunctionId":"getCurrentDate","dateFormat":"","addedToConfig":false},"1615913575585":{"id":"1615913575585","type":"createDataObject","position":{},"condition":"Course_Schedule","mapping":[{"name":"rr_this_object","valueType":"variable","value":"object","fieldType":null,"list":null,"rr_dynamic_field_name_type":"","fromModel":"API_CourseRequest","source":"rr_page_data"}],"label":"","taskName":"TEMP_Schedule","parent":"1615913435441","painted":false,"taskNotes":"<p><br></p>","addedToConfig":false},"1615913869076":{"id":"1615913869076","type":"persist","position":{},"source":null,"target":null,"mapping":null,"label":"","taskName":"Save Data","parent":"1615913421496_success_start","isMerge":true,"taskNotes":"<p><br></p>","addedToConfig":false,"painted":false,"inputTask":"1615913575585","inputValue":null,"modelName":"Course_Schedule","ignoreSecurity":true},"1615913888985":{"id":"1615913888985","type":"decision","newMapping":true,"position":{},"condition":null,"serviceName":null,"serviceType":null,"operator":"and","mapping":[{"sourceType":"notNull","sourceValue":null,"source":"1615913869076","sourceFieldType":null,"sourceModel":"Course_Schedule","isSourceList":null,"targetType":"variable","targetValue":null,"target":null,"targetFieldType":null,"targetModel":"","isTargetList":null,"comparator":null}],"label":"","parent":"1615913869076","painted":false,"taskNotes":"<p><br></p>","addedToConfig":false},"1615913888985_end":{"id":"1615913888985_end","decisionId":"1615913888985","position":{},"type":"decisionEnd","painted":false,"addedToConfig":false},"1615913888985_success_start":{"id":"1615913888985_success_start","decisionId":"1615913888985","parent":"1615913888985","position":{},"type":"decisionSucessStart","painted":false,"addedToConfig":false},"1615913888985_failure_start":{"id":"1615913888985_failure_start","decisionId":"1615913888985","parent":"1615913888985","position":{},"type":"decisionFailureStart","painted":false,"addedToConfig":false},"1615913888985_success_end":{"id":"1615913888985_success_end","decisionId":"1615913888985","parent":"1615932191310_end","position":{},"type":"decisionSucessEnd","painted":false,"addedToConfig":false},"1615913888985_failure_end":{"id":"1615913888985_failure_end","decisionId":"1615913888985","parent":"1615913889001","position":{},"type":"decisionFailureEnd","painted":false,"addedToConfig":false},"1615913888994":{"id":"1615913888994","type":"expression","position":{},"expression":[{"type":"data","source":"constant","value":"Course_Schedule Saved"}],"targetVariable":null,"label":"","taskName":"Course_Schedule Saved","parent":"1615913888985_success_start","painted":false,"taskNotes":"<p><br></p>","outputVariable":"","expressionType":"string","addedToConfig":false},"1615913888995":{"id":"1615913888995","type":"service","value":"Utility Function","serviceType":"internal","position":{},"label":"","callType":"async","taskName":"Add Reason to List","parent":"1615913888994","painted":false,"desc":"Utility Function","modelName":"SysRoleUser","taskNotes":"<p><br></p>","utilityFunctionId":"addToList","inputTask":"1615913888994","inputValue":null,"targetTask":"1615912323837","targetValue":"reasons","addedToConfig":false},"1615913888999":{"id":"1615913888999","type":"dataTransfer","position":{},"source":"mddui_page_input_data","sourceType":"page","sourceVariable":"rr_page_data","targetType":"page","target":"1615912323837","targetVariable":null,"resultVariable":null,"mapping":[{"name":"status","valueType":"constant","value":"FAILED","fieldType":"String","list":false,"rr_dynamic_field_name_type":"","fromModel":""}],"label":"","taskName":"Update Model in Memory","parent":"1615913888985_failure_start","painted":false,"taskNotes":"<p><br></p>","condition":"API_MainResponse","addedToConfig":false},"1615913889000":{"id":"1615913889000","type":"expression","position":{},"expression":[{"type":"data","source":"constant","value":"Course_Schedule Not Saved"}],"targetVariable":null,"label":"","taskName":"Course_Schedule Not Saved","parent":"1615913888999","painted":false,"taskNotes":"<p><br></p>","outputVariable":"","expressionType":"string","addedToConfig":false},"1615913889001":{"id":"1615913889001","type":"service","value":"Utility Function","serviceType":"internal","position":{},"label":"","callType":"async","taskName":"Add Reason to List","parent":"1615913889000","painted":false,"desc":"Utility Function","modelName":"SysRoleUser","taskNotes":"<p><br></p>","utilityFunctionId":"addToList","inputTask":"1615913889000","inputValue":null,"targetTask":"1615912323837","targetValue":"reasons","addedToConfig":false},"1615931985441":{"id":"1615931985441","type":"dataTransfer","position":{},"source":"mddui_page_input_data","sourceType":"page","sourceVariable":"rr_page_data","targetType":"page","target":"1615912323837","targetVariable":null,"resultVariable":null,"mapping":[{"name":"status","valueType":"constant","value":"FAILED","fieldType":"String","list":false,"rr_dynamic_field_name_type":"","fromModel":""}],"label":"","taskName":"Update Model in Memory","parent":"1615913421496_failure_start","painted":false,"taskNotes":"<p><br></p>","condition":"API_MainResponse","addedToConfig":false},"1615931989258":{"id":"1615931989258","type":"expression","position":{},"expression":[{"type":"data","source":"constant","value":"Course_Schedule Cannot Be Edited"}],"targetVariable":null,"label":"","taskName":"Course_Schedule Cannot Be Edited","parent":"1615931985441","painted":false,"taskNotes":"<p><br></p>","outputVariable":"","expressionType":"string","addedToConfig":false},"1615931993305":{"id":"1615931993305","type":"service","value":"Utility Function","serviceType":"internal","position":{},"label":"","callType":"async","taskName":"Add Reason to List","parent":"1615931989258","painted":false,"desc":"Utility Function","modelName":"SysRoleUser","taskNotes":"<p><br></p>","utilityFunctionId":"addToList","inputTask":"1615931989258","inputValue":null,"targetTask":"1615912323837","targetValue":"reasons","addedToConfig":false},"1615932186932":{"id":"1615932186932","type":"query","position":{},"source":null,"target":null,"mapping":[{"name":"branchId","valueType":"variable","value":"branchId","fieldType":"String","list":false,"fromModel":"API_CourseRequest","comparator":"equals","source":"rr_page_data"},{"name":"scheduleId","valueType":"variable","value":"userSearchInput1","fieldType":"String","list":false,"fromModel":"API_CourseRequest","comparator":"equals","source":"rr_page_data"}],"label":"","filterBy":"criteria","searchOption":"many","operator":"and","taskName":"Query Course","parent":"1615913888995","painted":false,"addedToConfig":false,"taskNotes":"<p><br></p>","queryType":"dynamic","relationshipMapping":[],"modelName":"Course","ignoreSecurity":true,"selectFields":[],"sortFields":[]},"1615932191310":{"id":"1615932191310","type":"decision","newMapping":true,"position":{},"condition":null,"serviceName":null,"serviceType":null,"operator":"and","mapping":[{"sourceType":"notNull","sourceValue":null,"source":"1615932186932","sourceFieldType":null,"sourceModel":"Course","isSourceList":null,"targetType":"variable","targetValue":null,"target":null,"targetFieldType":null,"targetModel":"","isTargetList":null,"comparator":null}],"label":"","parent":"1615932186932","painted":false,"taskNotes":"<p><br></p>","addedToConfig":false},"1615932191310_end":{"id":"1615932191310_end","decisionId":"1615932191310","position":{},"type":"decisionEnd","painted":false,"addedToConfig":false},"1615932191310_success_start":{"id":"1615932191310_success_start","decisionId":"1615932191310","parent":"1615932191310","position":{},"type":"decisionSucessStart","painted":false,"addedToConfig":false},"1615932191310_failure_start":{"id":"1615932191310_failure_start","decisionId":"1615932191310","parent":"1615932191310","position":{},"type":"decisionFailureStart","painted":false,"addedToConfig":false},"1615932191310_success_end":{"id":"1615932191310_success_end","decisionId":"1615932191310","parent":"1615932191312iterationEnd","position":{},"type":"decisionSucessEnd","painted":false,"addedToConfig":false},"1615932191310_failure_end":{"id":"1615932191310_failure_end","decisionId":"1615932191310","parent":"1615932191320","position":{},"type":"decisionFailureEnd","painted":false,"addedToConfig":false},"1615932191312":{"id":"1615932191312","type":"iterator","iterationType":"for","position":{},"mapping":[],"label":"","taskName":"Current Course","parent":"1615932191310_success_start","painted":false,"counterType":"dynamic","operator":"and","taskNotes":"<p><br></p>","inputTask":"1615932186932","inputValue":null,"addedToConfig":false,"inputDataModel":"Course"},"1615932191312iterationEnd":{"id":"1615932191312iterationEnd","iteratorId":"1615932191312","parent":"1615932265966","position":{},"type":"iterationEnd","painted":false,"addedToConfig":false},"1615932191313":{"id":"1615932191313","type":"dataTransfer","position":{},"source":"mddui_page_input_data","sourceType":"page","sourceVariable":"rr_page_data","targetType":"page","target":"1615932191312","targetVariable":null,"resultVariable":null,"mapping":[{"name":"withdrawDays","valueType":"variable","value":"withdrawDays","fieldType":"Number","list":false,"rr_dynamic_field_name_type":"","fromModel":"Course_Schedule","source":"1615913869076"},{"name":"enrollmentDuration","valueType":"variable","value":"duration","fieldType":"Number","list":false,"rr_dynamic_field_name_type":"","fromModel":"Course_Schedule","source":"1615913869076"},{"name":"startDate","valueType":"variable","value":"startDate","fieldType":"Time","list":false,"rr_dynamic_field_name_type":"","fromModel":"Course_Schedule","source":"1615913869076"}],"label":"","taskName":"Update Model in Memory","parent":"1615932191312","painted":false,"taskNotes":"<p><br></p>","condition":"Course","addedToConfig":false},"1615932191314":{"id":"1615932191314","type":"dataTransfer","position":{},"source":"mddui_page_input_data","sourceType":"page","sourceVariable":"rr_page_data","targetType":"page","target":"rr_page_data","targetVariable":null,"resultVariable":null,"mapping":[{"name":"actionType","valueType":"constant","value":"COURSE","fieldType":"String","list":false,"rr_dynamic_field_name_type":"","fromModel":""},{"name":"object","valueType":"variable","value":"rr_this_object","fieldType":"Object","list":false,"rr_dynamic_field_name_type":"","fromModel":"Course","source":"1615932191312"}],"label":"","taskName":"Update Model in Memory","parent":"1615932191313","painted":false,"taskNotes":"<p><br></p>","condition":"API_CourseRequest","addedToConfig":false,"showAllFields":false},"1615932191315":{"id":"1615932191315","type":"workflow","position":{},"workflowId":"5f7cd2798f0840cd96e3a9d7","workflowName":"API_Course_Edit","workflowType":"serverFlow","label":"","taskName":"API_Course_Edit","parent":"1615932191314","painted":false,"addedToConfig":false,"callType":"sync","taskNotes":"<p><br></p>","inputTask":"rr_page_data","inputValue":null,"outputDataModel":"API_MainResponse"},"1615932191318":{"id":"1615932191318","type":"expression","position":{},"expression":[{"type":"data","source":"constant","value":"No Courses Found"}],"targetVariable":null,"label":"","taskName":"No Courses Found","parent":"1615932191310_failure_start","painted":false,"taskNotes":"<p><br></p>","outputVariable":"","expressionType":"string","addedToConfig":false},"1615932191320":{"id":"1615932191320","type":"service","value":"Utility Function","serviceType":"internal","position":{},"label":"","callType":"async","taskName":"Add Reason to List","parent":"1615932191318","painted":false,"desc":"Utility Function","modelName":"SysRoleUser","taskNotes":"<p><br></p>","utilityFunctionId":"addToList","inputTask":"1615932191318","inputValue":null,"targetTask":"1615912323837","targetValue":"reasons","addedToConfig":false},"1615932265966":{"id":"1615932265966","type":"service","value":"Utility Function","serviceType":"internal","position":{},"label":"","callType":"async","taskName":"Add Reasons to List","parent":"1615932191315","painted":false,"desc":"Utility Function","taskNotes":"<p><br></p>","utilityFunctionId":"addAllToList","inputTask":"1615932191315","inputValue":"reasons","targetTask":"1615912323837","targetValue":"reasons","addedToConfig":false},"1615934670434caseEnd":{"id":"1615934670434caseEnd","caseId":"1615934670434","switchId":"1615912158167","parent":"1615934717156_end","position":{},"type":"caseEnd","taskName":"Break","painted":false,"addedToConfig":false,"taskNotes":"<p><br></p>"},"1615934670434":{"id":"1615934670434","switchId":"1615912158167","type":"wfCase","position":{},"label":"","operator":"equals","taskName":"COURSE","parent":"1615912158167","painted":false,"taskNotes":"<p><br></p>","caseValue":"COURSE","addedToConfig":false},"1615934680166":{"id":"1615934680166","type":"createDataObject","position":{},"condition":"Course","mapping":[{"name":"rr_this_object","valueType":"variable","value":"object","fieldType":null,"list":null,"rr_dynamic_field_name_type":"","fromModel":"API_CourseRequest","source":"rr_page_data"},{"name":"systemStatus","valueType":"constant","value":null,"fieldType":"String","list":false,"rr_dynamic_field_name_type":"","fromModel":""}],"label":"","taskName":"TEMP Course","parent":"1615934670434","painted":false,"taskNotes":"<p><br></p>","addedToConfig":false},"1615934709484":{"id":"1615934709484","type":"persist","position":{},"source":null,"target":null,"mapping":null,"label":"","taskName":"Save Data","parent":"1649087961392_end","isMerge":true,"taskNotes":"<p><br></p>","inputTask":"1615934680166","inputValue":null,"modelName":"Course","ignoreSecurity":true,"addedToConfig":false,"painted":false},"1615934717156_end":{"id":"1615934717156_end","decisionId":"1615934717156","position":{},"type":"decisionEnd","painted":false,"addedToConfig":false},"1615934717156_success_start":{"id":"1615934717156_success_start","decisionId":"1615934717156","parent":"1615934717156","position":{},"type":"decisionSucessStart","painted":false,"addedToConfig":false},"1615934717156_failure_start":{"id":"1615934717156_failure_start","decisionId":"1615934717156","parent":"1615934717156","position":{},"type":"decisionFailureStart","painted":false,"addedToConfig":false},"1615934717156_success_end":{"id":"1615934717156_success_end","decisionId":"1615934717156","parent":"1620334830193_end","position":{},"type":"decisionSucessEnd","painted":false,"addedToConfig":false},"1615934717156_failure_end":{"id":"1615934717156_failure_end","decisionId":"1615934717156","parent":"1615934752321","position":{},"type":"decisionFailureEnd","painted":false,"addedToConfig":false},"1615934717156":{"id":"1615934717156","type":"decision","newMapping":true,"position":{},"condition":null,"serviceName":null,"serviceType":null,"operator":"and","mapping":[{"sourceType":"notNull","sourceValue":null,"source":"1615934709484","sourceFieldType":null,"sourceModel":"Course","isSourceList":null,"targetType":"variable","targetValue":null,"target":null,"targetFieldType":null,"targetModel":"","isTargetList":null,"comparator":null}],"label":"","parent":"1615934709484","painted":false,"taskNotes":"<p><br></p>","addedToConfig":false},"1615934724539":{"id":"1615934724539","type":"dataTransfer","position":{},"source":"mddui_page_input_data","sourceType":"page","sourceVariable":"rr_page_data","targetType":"page","target":"1615912323837","targetVariable":null,"resultVariable":null,"mapping":[{"name":"status","valueType":"constant","value":"FAILED","fieldType":"String","list":false,"rr_dynamic_field_name_type":"","fromModel":""}],"label":"","taskName":"Update Model in Memory","parent":"1615934717156_failure_start","painted":false,"taskNotes":"<p><br></p>","condition":"API_MainResponse","addedToConfig":false},"1615934735901":{"id":"1615934735901","type":"expression","position":{},"expression":[{"type":"data","source":"constant","value":"Course Not Saved"}],"targetVariable":null,"label":"","taskName":"Course Not Saved","parent":"1615934724539","painted":false,"taskNotes":"<p><br></p>","outputVariable":"","expressionType":"string","addedToConfig":false},"1615934752321":{"id":"1615934752321","type":"service","value":"Utility Function","serviceType":"internal","position":{},"label":"","callType":"async","taskName":"Add Reason to List","parent":"1615934735901","painted":false,"desc":"Utility Function","taskNotes":"<p><br></p>","utilityFunctionId":"addToList","inputTask":"1615934735901","inputValue":"","targetTask":"1615912323837","targetValue":"reasons","addedToConfig":false},"1615934768383":{"id":"1615934768383","type":"dataTransfer","position":{},"source":"mddui_page_input_data","sourceType":"page","sourceVariable":"rr_page_data","targetType":"page","target":"1615912323837","targetVariable":null,"resultVariable":null,"mapping":[{"name":"object","valueType":"variable","value":"rr_this_object","fieldType":"Object","list":false,"rr_dynamic_field_name_type":"","fromModel":"Course","source":"1615934709484"}],"label":"","taskName":"Update Model in Memory","parent":"1635534581579_end","painted":false,"taskNotes":"<p><br></p>","condition":"API_MainResponse","addedToConfig":false},"1615934782785":{"id":"1615934782785","type":"expression","position":{},"expression":[{"type":"data","source":"constant","value":"Course Saved"}],"targetVariable":null,"label":"","taskName":"Course Saved","parent":"1615934768383","painted":false,"taskNotes":"<p><br></p>","outputVariable":"","expressionType":"string","addedToConfig":false},"1615934795334":{"id":"1615934795334","type":"service","value":"Utility Function","serviceType":"internal","position":{},"label":"","callType":"async","taskName":"Add Reason to List","parent":"1615934782785","painted":false,"desc":"Utility Function","taskNotes":"<p><br></p>","utilityFunctionId":"addToList","inputTask":"1615934782785","inputValue":null,"targetTask":"1615912323837","targetValue":"reasons","addedToConfig":false,"addAtIndexType":"constant","addAtIndex":false},"1617134200202_end":{"id":"1617134200202_end","decisionId":"1617134200202","position":{},"type":"decisionEnd","painted":false,"addedToConfig":false},"1617134200202_success_start":{"id":"1617134200202_success_start","decisionId":"1617134200202","parent":"1617134200202","position":{},"type":"decisionSucessStart","painted":false,"addedToConfig":false},"1617134200202_failure_start":{"id":"1617134200202_failure_start","decisionId":"1617134200202","parent":"1617134200202","position":{},"type":"decisionFailureStart","painted":false,"addedToConfig":false},"1617134200202_success_end":{"id":"1617134200202_success_end","decisionId":"1617134200202","parent":"1617134274667","position":{},"type":"decisionSucessEnd","painted":false,"addedToConfig":false},"1617134200202_failure_end":{"id":"1617134200202_failure_end","decisionId":"1617134200202","parent":"1617134200202_failure_start","position":{},"type":"decisionFailureEnd","painted":false,"addedToConfig":false},"1617134200202":{"id":"1617134200202","type":"decision","newMapping":true,"position":{},"condition":null,"serviceName":null,"serviceType":null,"operator":"or","mapping":[{"sourceType":"variable","sourceValue":"status","source":"1698786574361","sourceFieldType":"String","sourceModel":"Course","isSourceList":false,"targetType":"constant","targetValue":"ARCHIVED","target":null,"targetFieldType":null,"targetModel":"","isTargetList":null,"comparator":"equals"}],"label":"","parent":"1698786574361","painted":false,"taskNotes":"<p><br></p>","addedToConfig":false},"1617134236820":{"id":"1617134236820","type":"dataTransfer","position":{},"source":"mddui_page_input_data","sourceType":"page","sourceVariable":"rr_page_data","targetType":"page","target":"1615912323837","targetVariable":null,"resultVariable":null,"mapping":[{"name":"status","valueType":"constant","value":"FAILED","fieldType":"String","list":false,"rr_dynamic_field_name_type":"","fromModel":""}],"label":"","taskName":"Update Model in Memory","parent":"1617134200202_success_start","painted":false,"taskNotes":"<p><br></p>","condition":"API_MainResponse","addedToConfig":false},"1617134247331":{"id":"1617134247331","type":"expression","position":{},"expression":[{"type":"data","source":"constant","value":"Unable to make changes to an or Archived course"}],"targetVariable":null,"label":"","taskName":"Unable to make changes to an or Archived course","parent":"1617134236820","painted":false,"taskNotes":"<p><br></p>","expressionType":"string","addedToConfig":false},"1617134259033":{"id":"1617134259033","type":"service","value":"Utility Function","serviceType":"internal","position":{},"label":"","callType":"async","taskName":"Add Reason to List","parent":"1617134247331","painted":false,"desc":"Utility Function","taskNotes":"<p><br></p>","utilityFunctionId":"addToList","inputTask":"1617134247331","inputValue":"","targetTask":"1615912323837","targetValue":"reasons","addedToConfig":false},"1617134274667":{"id":"1617134274667","type":"goTo","position":{},"mapping":null,"label":"","taskId":"16020158654441000","taskParent":"1615912158167switchEnd","taskName":"Go To","parent":"1617134259033","painted":false,"taskNotes":"<p><br></p>","addedToConfig":false},"1618951102084":{"id":"1618951102084","switchId":"1615912158167","type":"wfCase","position":{},"label":"","operator":"equals","taskName":"COURSE_INSTRUCTOR","parent":"1615934670434caseEnd","painted":false,"taskNotes":"<p><br></p>","caseValue":"COURSE_INSTRUCTOR","addedToConfig":false},"1618951102084caseEnd":{"id":"1618951102084caseEnd","caseId":"1618951102084","switchId":"1615912158167","parent":"1618951326673_end","position":{},"type":"caseEnd","taskName":"Break","painted":false,"addedToConfig":false,"taskNotes":"<p><br></p>"},"1618951102086":{"id":"1618951102086","type":"createDataObject","position":{},"condition":"Course","mapping":[{"name":"rr_this_object","valueType":"variable","value":"object","fieldType":null,"list":null,"rr_dynamic_field_name_type":"","fromModel":"API_CourseRequest","source":"rr_page_data"},{"name":"systemStatus","valueType":"constant","value":null,"fieldType":"String","list":false,"rr_dynamic_field_name_type":"","fromModel":""}],"label":"","taskName":"TEMP Course","parent":"1618951102084","painted":false,"taskNotes":"<p><br></p>","addedToConfig":false},"1618951102087":{"id":"1618951102087","type":"decision","newMapping":true,"position":{},"condition":null,"serviceName":null,"serviceType":null,"operator":"or","mapping":[{"sourceType":"variable","sourceValue":"status","source":"1615934680166","sourceFieldType":"String","sourceModel":"Course","isSourceList":false,"targetType":"constant","targetValue":"ARCHIVED","target":null,"targetFieldType":null,"targetModel":"","isTargetList":null,"comparator":"equals"}],"label":"","parent":"1618951102086","painted":false,"taskNotes":"<p><br></p>","addedToConfig":false},"1618951102087_end":{"id":"1618951102087_end","decisionId":"1618951102087","position":{},"type":"decisionEnd","painted":false,"addedToConfig":false},"1618951102087_success_start":{"id":"1618951102087_success_start","decisionId":"1618951102087","parent":"1618951102087","position":{},"type":"decisionSucessStart","painted":false,"addedToConfig":false},"1618951102087_failure_start":{"id":"1618951102087_failure_start","decisionId":"1618951102087","parent":"1618951102087","position":{},"type":"decisionFailureStart","painted":false,"addedToConfig":false},"1618951102087_success_end":{"id":"1618951102087_success_end","decisionId":"1618951102087","parent":"1618951102092","position":{},"type":"decisionSucessEnd","painted":false,"addedToConfig":false},"1618951102087_failure_end":{"id":"1618951102087_failure_end","decisionId":"1618951102087","parent":"1618951102087_failure_start","position":{},"type":"decisionFailureEnd","painted":false,"addedToConfig":false},"1618951102088":{"id":"1618951102088","type":"dataTransfer","position":{},"source":"mddui_page_input_data","sourceType":"page","sourceVariable":"rr_page_data","targetType":"page","target":"1615912323837","targetVariable":null,"resultVariable":null,"mapping":[{"name":"status","valueType":"constant","value":"FAILED","fieldType":"String","list":false,"rr_dynamic_field_name_type":"","fromModel":""}],"label":"","taskName":"Update Model in Memory","parent":"1618951102087_success_start","painted":false,"taskNotes":"<p><br></p>","condition":"API_MainResponse","addedToConfig":false},"1618951102090":{"id":"1618951102090","type":"expression","position":{},"expression":[{"type":"data","source":"constant","value":"Unable to make changes to an Archived course"}],"targetVariable":null,"label":"","taskName":"Unable to make changes to an Archived course","parent":"1618951102088","painted":false,"taskNotes":"<p><br></p>","expressionType":"string","addedToConfig":false},"1618951102091":{"id":"1618951102091","type":"service","value":"Utility Function","serviceType":"internal","position":{},"label":"","callType":"async","taskName":"Add Reason to List","parent":"1618951102090","painted":false,"desc":"Utility Function","taskNotes":"<p><br></p>","utilityFunctionId":"addToList","inputTask":"1617134247331","inputValue":"","targetTask":"1615912323837","targetValue":"reasons","addedToConfig":false},"1618951102092":{"id":"1618951102092","type":"goTo","position":{},"mapping":null,"label":"","taskId":"16020158654441000","taskParent":"1615912158167switchEnd","taskName":"Go To","parent":"1618951102091","painted":false,"taskNotes":"<p><br></p>","addedToConfig":false},"1618951289034":{"id":"1618951289034","type":"query","position":{},"source":null,"target":null,"mapping":[{"name":"_id","valueType":"variable","value":"_id","fieldType":"String","list":false,"fromModel":"Course","comparator":"equals","source":"1618951102086"}],"label":"","filterBy":"criteria","searchOption":"one","operator":"and","taskName":"Course","parent":"1618951102087_end","painted":false,"taskNotes":"<p><br></p>","ignoreSecurity":true,"queryType":"dynamic","relationshipMapping":[],"selectFields":[],"sortFields":[],"modelName":"Course","addedToConfig":false},"1618951326673_end":{"id":"1618951326673_end","decisionId":"1618951326673","position":{},"type":"decisionEnd","painted":false,"addedToConfig":false},"1618951326673_success_start":{"id":"1618951326673_success_start","decisionId":"1618951326673","parent":"1618951326673","position":{},"type":"decisionSucessStart","painted":false,"addedToConfig":false},"1618951326673_failure_start":{"id":"1618951326673_failure_start","decisionId":"1618951326673","parent":"1618951326673","position":{},"type":"decisionFailureStart","painted":false,"addedToConfig":false},"1618951326673_success_end":{"id":"1618951326673_success_end","decisionId":"1618951326673","parent":"1618951368969_end","position":{},"type":"decisionSucessEnd","painted":false,"addedToConfig":false},"1618951326673_failure_end":{"id":"1618951326673_failure_end","decisionId":"1618951326673","parent":"1618951326673_failure_start","position":{},"type":"decisionFailureEnd","painted":false,"addedToConfig":false},"1618951326673":{"id":"1618951326673","type":"decision","newMapping":true,"position":{},"condition":null,"serviceName":null,"serviceType":null,"operator":"and","mapping":[{"sourceType":"notNull","sourceValue":null,"source":"1618951289034","sourceFieldType":null,"sourceModel":"Course","isSourceList":null,"targetType":"variable","targetValue":null,"target":null,"targetFieldType":null,"targetModel":"","isTargetList":null,"comparator":null}],"label":"","parent":"1618951289034","painted":false,"taskNotes":"<p><br></p>","addedToConfig":false},"1618951336305":{"id":"1618951336305","type":"dataTransfer","position":{},"source":"mddui_page_input_data","sourceType":"page","sourceVariable":"rr_page_data","targetType":"page","target":"1618951289034","targetVariable":null,"resultVariable":null,"mapping":[{"name":"userId","valueType":"variable","value":"userId","fieldType":"String","list":false,"rr_dynamic_field_name_type":"","fromModel":"Course","source":"1618951102086"},{"name":"taList","valueType":"variable","value":"taList","fieldType":"SUB_Course_TA_List","list":true,"rr_dynamic_field_name_type":"","fromModel":"Course","source":"1618951102086"},{"name":"tempUserBasic","valueType":"variable","value":"tempUserBasic","fieldType":"User_Basic","list":false,"rr_dynamic_field_name_type":"","fromModel":"Course","source":"1618951102086"}],"label":"","taskName":"Update Model in Memory","parent":"1618951326673_success_start","painted":false,"taskNotes":"<p><br></p>","condition":"Course","showAllFields":false,"addedToConfig":false},"1618951357298":{"id":"1618951357298","type":"persist","position":{},"source":null,"target":null,"mapping":null,"label":"","taskName":"Save Data","parent":"1618951336305","isMerge":true,"taskNotes":"<p><br></p>","inputTask":"1618951289034","inputValue":null,"modelName":"Course","ignoreSecurity":true,"addedToConfig":false,"painted":false},"1618951368969":{"id":"1618951368969","type":"decision","newMapping":true,"position":{},"condition":null,"serviceName":null,"serviceType":null,"operator":"and","mapping":[{"sourceType":"notNull","sourceValue":null,"source":"1618951357298","sourceFieldType":null,"sourceModel":"Course","isSourceList":null,"targetType":"variable","targetValue":null,"target":null,"targetFieldType":null,"targetModel":"","isTargetList":null,"comparator":null}],"label":"","parent":"1618951357298","painted":false,"taskNotes":"<p><br></p>","addedToConfig":false},"1618951368969_end":{"id":"1618951368969_end","decisionId":"1618951368969","position":{},"type":"decisionEnd","painted":false,"addedToConfig":false},"1618951368969_success_start":{"id":"1618951368969_success_start","decisionId":"1618951368969","parent":"1618951368969","position":{},"type":"decisionSucessStart","painted":false,"addedToConfig":false},"1618951368969_failure_start":{"id":"1618951368969_failure_start","decisionId":"1618951368969","parent":"1618951368969","position":{},"type":"decisionFailureStart","painted":false,"addedToConfig":false},"1618951368969_success_end":{"id":"1618951368969_success_end","decisionId":"1618951368969","parent":"1618951368992","position":{},"type":"decisionSucessEnd","painted":false,"addedToConfig":false},"1618951368969_failure_end":{"id":"1618951368969_failure_end","decisionId":"1618951368969","parent":"1618951368996","position":{},"type":"decisionFailureEnd","painted":false,"addedToConfig":false},"1618951368990":{"id":"1618951368990","type":"dataTransfer","position":{},"source":"mddui_page_input_data","sourceType":"page","sourceVariable":"rr_page_data","targetType":"page","target":"1615912323837","targetVariable":null,"resultVariable":null,"mapping":[{"name":"object","valueType":"variable","value":"rr_this_object","fieldType":"Object","list":false,"rr_dynamic_field_name_type":"","fromModel":"Course","source":"1618951357298"}],"label":"","taskName":"Update Model in Memory","parent":"1618951368969_success_start","painted":false,"taskNotes":"<p><br></p>","condition":"API_MainResponse","addedToConfig":false},"1618951368991":{"id":"1618951368991","type":"expression","position":{},"expression":[{"type":"data","source":"constant","value":"Course Saved"}],"targetVariable":null,"label":"","taskName":"Course Saved","parent":"1618951368990","painted":false,"taskNotes":"<p><br></p>","outputVariable":"","expressionType":"string","addedToConfig":false},"1618951368992":{"id":"1618951368992","type":"service","value":"Utility Function","serviceType":"internal","position":{},"label":"","callType":"async","taskName":"Add Reason to List","parent":"1618951368991","painted":false,"desc":"Utility Function","taskNotes":"<p><br></p>","utilityFunctionId":"addToList","inputTask":"1618951368991","inputValue":null,"targetTask":"1615912323837","targetValue":"reasons","addedToConfig":false},"1618951368994":{"id":"1618951368994","type":"dataTransfer","position":{},"source":"mddui_page_input_data","sourceType":"page","sourceVariable":"rr_page_data","targetType":"page","target":"1615912323837","targetVariable":null,"resultVariable":null,"mapping":[{"name":"status","valueType":"constant","value":"FAILED","fieldType":"String","list":false,"rr_dynamic_field_name_type":"","fromModel":""}],"label":"","taskName":"Update Model in Memory","parent":"1618951368969_failure_start","painted":false,"taskNotes":"<p><br></p>","condition":"API_MainResponse","addedToConfig":false},"1618951368995":{"id":"1618951368995","type":"expression","position":{},"expression":[{"type":"data","source":"constant","value":"Course Not Saved"}],"targetVariable":null,"label":"","taskName":"Course Not Saved","parent":"1618951368994","painted":false,"taskNotes":"<p><br></p>","outputVariable":"","expressionType":"string","addedToConfig":false},"1618951368996":{"id":"1618951368996","type":"service","value":"Utility Function","serviceType":"internal","position":{},"label":"","callType":"async","taskName":"Add Reason to List","parent":"1618951368995","painted":false,"desc":"Utility Function","taskNotes":"<p><br></p>","utilityFunctionId":"addToList","inputTask":"1618951368995","inputValue":null,"targetTask":"1615912323837","targetValue":"reasons","addedToConfig":false},"1620334678508":{"id":"1620334678508","type":"createDataObject","position":{},"condition":"Course_Log","mapping":[{"name":"action","valueType":"variable","value":"action","fieldType":"String","list":false,"rr_dynamic_field_name_type":"","fromModel":"API_CourseRequest","source":"rr_page_data"},{"name":"courseId","valueType":"variable","value":"_id","fieldType":"String","list":false,"rr_dynamic_field_name_type":"","fromModel":"Course","source":"1615934709484"},{"name":"name","valueType":"variable","value":"courseName","fieldType":"String","list":false,"rr_dynamic_field_name_type":"","fromModel":"Course","source":"1615934709484"},{"name":"type","valueType":"constant","value":"Course","fieldType":"String","list":false,"rr_dynamic_field_name_type":"","source":"1615934782785"},{"name":"updatedByName","valueType":"variable","value":"updatedByName","fieldType":"String","list":false,"rr_dynamic_field_name_type":"","fromModel":"Course","source":"1615934709484"}],"label":"","taskName":"Create Course Log","parent":"1615934795334","painted":false,"taskNotes":"<p><br></p>","showAllFields":false,"addedToConfig":false},"1620334820442":{"id":"1620334820442","type":"persist","position":{},"source":null,"target":null,"mapping":null,"label":"","taskName":"Save Data","parent":"1620334678508","isMerge":true,"taskNotes":"<p><br></p>","inputTask":"1620334678508","inputValue":null,"modelName":"Course_Log","ignoreSecurity":true,"addedToConfig":false,"painted":false},"1620334830193_end":{"id":"1620334830193_end","decisionId":"1620334830193","position":{},"type":"decisionEnd","painted":false,"addedToConfig":false},"1620334830193_success_start":{"id":"1620334830193_success_start","decisionId":"1620334830193","parent":"1620334830193","position":{},"type":"decisionSucessStart","painted":false,"addedToConfig":false},"1620334830193_failure_start":{"id":"1620334830193_failure_start","decisionId":"1620334830193","parent":"1620334830193","position":{},"type":"decisionFailureStart","painted":false,"addedToConfig":false},"1620334830193_success_end":{"id":"1620334830193_success_end","decisionId":"1620334830193","parent":"1620334907044","position":{},"type":"decisionSucessEnd","painted":false,"addedToConfig":false},"1620334830193_failure_end":{"id":"1620334830193_failure_end","decisionId":"1620334830193","parent":"1620334848389","position":{},"type":"decisionFailureEnd","painted":false,"addedToConfig":false},"1620334830193":{"id":"1620334830193","type":"decision","newMapping":true,"position":{},"condition":null,"serviceName":null,"serviceType":null,"operator":"and","mapping":[{"sourceType":"notNull","sourceValue":null,"source":"1620334820442","sourceFieldType":null,"sourceModel":"Course_Log","isSourceList":null,"targetType":"variable","targetValue":null,"target":null,"targetFieldType":null,"targetModel":"","isTargetList":null,"comparator":null}],"label":"","parent":"1620334820442","painted":false,"taskNotes":"<p><br></p>","addedToConfig":false},"1620334842688":{"id":"1620334842688","type":"expression","position":{},"expression":[{"type":"data","source":"constant","value":"Course Log Edit Not added "}],"targetVariable":null,"label":"","taskName":"Course Log Edit Not added ","parent":"1620334830193_failure_start","painted":false,"taskNotes":"<p><br></p>","expressionType":"string","addedToConfig":false},"1620334848389":{"id":"1620334848389","type":"service","value":"Utility Function","serviceType":"internal","position":{},"label":"","callType":"async","taskName":"Local Service","parent":"1620334842688","painted":false,"desc":"Utility Function","taskNotes":"<p><br></p>","utilityFunctionId":"addToList","inputTask":"1620334842688","inputValue":null,"targetTask":"1615912323837","targetValue":"reasons","addedToConfig":false},"1620334901620":{"id":"1620334901620","type":"expression","position":{},"expression":[{"type":"data","source":"constant","value":"Course Log Edit added "}],"targetVariable":null,"label":"","taskName":"Course Log Edit added ","parent":"1620334830193_success_start","painted":false,"taskNotes":"<p><br></p>","expressionType":"string","addedToConfig":false},"1620334907044":{"id":"1620334907044","type":"service","value":"Utility Function","serviceType":"internal","position":{},"label":"","callType":"async","taskName":"Local Service","parent":"1620334901620","painted":false,"desc":"Utility Function","taskNotes":"<p><br></p>","utilityFunctionId":"addToList","inputTask":"1620334901620","inputValue":null,"targetTask":"1615912323837","targetValue":"reasons","addedToConfig":false,"addAtIndexType":"constant","addAtIndex":false},"1635534396649":{"id":"1635534396649","type":"query","position":{},"source":null,"target":null,"mapping":[{"name":"referenceId","valueType":"variable","value":"_id","fieldType":"String","list":false,"fromModel":"Course","comparator":"equals","source":"1615934709484"}],"label":"","filterBy":"criteria","searchOption":"many","operator":"and","taskName":"Course Id","parent":"1615934717156_success_start","painted":false,"taskNotes":"<p><br></p>","queryType":"dynamic","relationshipMapping":[],"selectFields":[],"sortFields":[],"modelName":"Store_Inventory","addedToConfig":false,"ignoreSecurity":true},"1635534581579_end":{"id":"1635534581579_end","decisionId":"1635534581579","position":{},"type":"decisionEnd","painted":false,"addedToConfig":false},"1635534581579_success_start":{"id":"1635534581579_success_start","decisionId":"1635534581579","parent":"1635534581579","position":{},"type":"decisionSucessStart","painted":false,"addedToConfig":false},"1635534581579_failure_start":{"id":"1635534581579_failure_start","decisionId":"1635534581579","parent":"1635534581579","position":{},"type":"decisionFailureStart","painted":false,"addedToConfig":false},"1635534581579_success_end":{"id":"1635534581579_success_end","decisionId":"1635534581579","parent":"1635534693737iterationEnd","position":{},"type":"decisionSucessEnd","painted":false,"addedToConfig":false},"1635534581579_failure_end":{"id":"1635534581579_failure_end","decisionId":"1635534581579","parent":"1635534612060","position":{},"type":"decisionFailureEnd","painted":false,"addedToConfig":false},"1635534581579":{"id":"1635534581579","type":"decision","newMapping":true,"position":{},"condition":null,"serviceName":null,"serviceType":null,"operator":"and","mapping":[{"sourceType":"notNull","sourceValue":null,"source":"1635534396649","sourceFieldType":null,"sourceModel":"Course","isSourceList":null,"targetType":"variable","targetValue":null,"target":null,"targetFieldType":null,"targetModel":"","isTargetList":null,"comparator":null}],"label":"","parent":"1635534396649","painted":false,"taskNotes":"<p><br></p>","addedToConfig":false},"1635534612060":{"id":"1635534612060","type":"service","value":"Utility Function","serviceType":"internal","position":{},"label":"","callType":"async","taskName":"Local Service","parent":"1635534629889","painted":false,"desc":"Utility Function","taskNotes":"<p><br></p>","utilityFunctionId":"addToList","inputTask":"1635534629889","inputValue":null,"targetTask":"1615912323837","targetValue":"reasons","addedToConfig":false},"1635534629889":{"id":"1635534629889","type":"expression","position":{},"expression":[{"type":"data","source":"constant","value":"Course Id query Failed"}],"targetVariable":null,"label":"","taskName":"Failed","parent":"1635534581579_failure_start","painted":false,"taskNotes":"<p><br></p>","expressionType":"string","addedToConfig":false},"1635534693737iterationEnd":{"id":"1635534693737iterationEnd","iteratorId":"1635534693737","parent":"1635540623221","position":{},"type":"iterationEnd","painted":false,"addedToConfig":false},"1635534693737":{"id":"1635534693737","type":"iterator","iterationType":"for","position":{},"mapping":[],"label":"","taskName":"Iterator Store_Inv","parent":"1635534581579_success_start","painted":false,"counterType":"dynamic","operator":"and","taskNotes":"<p><br></p>","inputTask":"1635534396649","inputValue":null,"inputDataModel":"Store_Inventory","addedToConfig":false},"1635535073243":{"id":"1635535073243","type":"dataTransfer","position":{},"source":"mddui_page_input_data","sourceType":"page","sourceVariable":"rr_page_data","targetType":"page","target":"1635534693737","targetVariable":null,"resultVariable":null,"mapping":[{"name":"section","valueType":"variable","value":"section","fieldType":"String","list":false,"rr_dynamic_field_name_type":"","fromModel":"Course","source":"1615934709484"},{"name":"startDate","valueType":"variable","value":"startDate","fieldType":"Date","list":false,"rr_dynamic_field_name_type":"","fromModel":"Course","source":"1615934709484"},{"name":"endDate","valueType":"variable","value":"endDate","fieldType":"Time","list":false,"rr_dynamic_field_name_type":"","fromModel":"Course","source":"1615934709484"},{"name":"courseNumber","valueType":"variable","value":"courseNumber","fieldType":"String","list":false,"rr_dynamic_field_name_type":"","fromModel":"Course","source":"1615934709484"},{"name":"name","valueType":"variable","value":"courseName","fieldType":"String","list":false,"rr_dynamic_field_name_type":"","fromModel":"Course","source":"1615934709484"}],"label":"","taskName":"Update Store_Inventory","parent":"1635534693737","painted":false,"taskNotes":"<p><br></p>","condition":"Store_Inventory","addedToConfig":false},"1635535928537":{"id":"1635535928537","type":"createDataObject","position":{},"condition":"API_StoreRequest","mapping":[{"name":"actionType","valueType":"constant","value":"INVENTORY_ITEM","fieldType":"String","list":false,"rr_dynamic_field_name_type":"","fromModel":""},{"name":"object","valueType":"variable","value":"rr_this_object","fieldType":"Object","list":false,"rr_dynamic_field_name_type":"","fromModel":"Store_Inventory","source":"1635534693737"}],"label":"","taskName":"API_StoreRequest","parent":"1635535073243","painted":false,"taskNotes":"<p><br></p>","addedToConfig":false},"1635536028064":{"id":"1635536028064","type":"workflow","position":{},"workflowId":"5f971c8d8f08eee59b0a49fa","workflowName":"API_Store_Edit","workflowType":"serverFlow","label":"","taskName":"API_Store_Edit","parent":"1635535928537","painted":false,"callType":"sync","taskNotes":"<p><br></p>","inputTask":"1635535928537","inputValue":"","outputDataModel":"API_MainResponse","addedToConfig":false},"1635540623221":{"id":"1635540623221","type":"service","value":"Utility Function","serviceType":"internal","position":{},"label":"","callType":"async","taskName":"API_Store_EDIT REASONS","parent":"1635536028064","painted":false,"desc":"Utility Function","taskNotes":"<p><br></p>","utilityFunctionId":"addAllToList","inputTask":"1635536028064","inputValue":"reasons","targetTask":"1615912323837","targetValue":"reasons","addedToConfig":false},"1649087961392_end":{"id":"1649087961392_end","decisionId":"1649087961392","position":{},"type":"decisionEnd","painted":false,"addedToConfig":false},"1649087961392_success_start":{"id":"1649087961392_success_start","decisionId":"1649087961392","parent":"1649087961392","position":{},"type":"decisionSucessStart","painted":false,"addedToConfig":false},"1649087961392_failure_start":{"id":"1649087961392_failure_start","decisionId":"1649087961392","parent":"1649087961392","position":{},"type":"decisionFailureStart","painted":false,"addedToConfig":false},"1649087961392_success_end":{"id":"1649087961392_success_end","decisionId":"1649087961392","parent":"1649087982478iterationEnd","position":{},"type":"decisionSucessEnd","painted":false,"addedToConfig":false},"1649087961392_failure_end":{"id":"1649087961392_failure_end","decisionId":"1649087961392","parent":"1649087961392_failure_start","position":{},"type":"decisionFailureEnd","painted":false,"addedToConfig":false},"1649087961392":{"id":"1649087961392","type":"decision","newMapping":true,"position":{},"condition":null,"serviceName":null,"serviceType":null,"operator":"and","mapping":[{"sourceType":"count","sourceValue":"activityCategories","source":"1615934680166","sourceFieldType":"SUB_Course_Activity_Categories","sourceModel":"Course","isSourceList":true,"targetType":"constant","targetValue":"0","target":null,"targetFieldType":null,"targetModel":"","isTargetList":null,"comparator":"greaterThan"}],"label":"","parent":"1617134200202_end","painted":false,"taskNotes":"<p><br></p>","addedToConfig":false},"1649087982478iterationEnd":{"id":"1649087982478iterationEnd","iteratorId":"1649087982478","parent":"1649088005488","position":{},"type":"iterationEnd","painted":false,"addedToConfig":false},"1649087982478":{"id":"1649087982478","type":"iterator","iterationType":"for","position":{},"mapping":[],"label":"","taskName":"Current activityCategory","parent":"1649087961392_success_start","painted":false,"counterType":"dynamic","operator":"and","taskNotes":"<p><br></p>","inputTask":"1615934680166","inputValue":"activityCategories","inputDataModel":"SUB_Course_Activity_Categories","addedToConfig":false},"1649088005488":{"id":"1649088005488","type":"service","value":"Utility Function","serviceType":"internal","position":{},"label":"","callType":"async","taskName":"Clear tempList","parent":"1649087982478","painted":false,"desc":"Utility Function","taskNotes":"<p><br></p>","utilityFunctionId":"clearList","addAtIndexType":"constant","addAtIndex":false,"inputTask":"1649087982478","inputValue":"tempList","addedToConfig":false},"1698786574361":{"id":"1698786574361","type":"query","position":{},"source":null,"target":null,"mapping":[{"name":"_id","valueType":"variable","value":"_id","fieldType":"String","list":false,"fromModel":"Course","comparator":"equals","source":"1615934680166"}],"label":"","filterBy":"criteria","searchOption":"one","operator":"and","taskName":"Query Existing","parent":"1615934680166","painted":false,"taskNotes":"<p><br></p>","ignoreSecurity":true,"queryType":"dynamic","relationshipMapping":[],"selectFields":[{"fieldName":"status"}],"sortFields":[],"modelName":"Course","addedToConfig":false}},"decisionsMap":{"1615913421496":{"success":"1615913421496_success_start","failure":"1615913421496_failure_start","successEnd":"1615913421496_success_end","failureEnd":"1615913421496_failure_end","end":"1615913421496_end","root":false},"1615913888985":{"root":false,"success":"1615913888985_success_start","failure":"1615913888985_failure_start","successEnd":"1615913888985_success_end","failureEnd":"1615913888985_failure_end","end":"1615913888985_end"},"1615932191310":{"root":false,"success":"1615932191310_success_start","failure":"1615932191310_failure_start","successEnd":"1615932191310_success_end","failureEnd":"1615932191310_failure_end","end":"1615932191310_end"},"1615934717156":{"success":"1615934717156_success_start","failure":"1615934717156_failure_start","successEnd":"1615934717156_success_end","failureEnd":"1615934717156_failure_end","end":"1615934717156_end","root":false},"1617134200202":{"success":"1617134200202_success_start","failure":"1617134200202_failure_start","successEnd":"1617134200202_success_end","failureEnd":"1617134200202_failure_end","end":"1617134200202_end","root":false},"1618951102087":{"root":false,"success":"1618951102087_success_start","failure":"1618951102087_failure_start","successEnd":"1618951102087_success_end","failureEnd":"1618951102087_failure_end","end":"1618951102087_end"},"1618951326673":{"success":"1618951326673_success_start","failure":"1618951326673_failure_start","successEnd":"1618951326673_success_end","failureEnd":"1618951326673_failure_end","end":"1618951326673_end","root":false},"1618951368969":{"root":false,"success":"1618951368969_success_start","failure":"1618951368969_failure_start","successEnd":"1618951368969_success_end","failureEnd":"1618951368969_failure_end","end":"1618951368969_end"},"1620334830193":{"success":"1620334830193_success_start","failure":"1620334830193_failure_start","successEnd":"1620334830193_success_end","failureEnd":"1620334830193_failure_end","end":"1620334830193_end","root":false},"1635534581579":{"success":"1635534581579_success_start","failure":"1635534581579_failure_start","successEnd":"1635534581579_success_end","failureEnd":"1635534581579_failure_end","end":"1635534581579_end","root":false},"1649087961392":{"success":"1649087961392_success_start","failure":"1649087961392_failure_start","successEnd":"1649087961392_success_end","failureEnd":"1649087961392_failure_end","end":"1649087961392_end","root":false}},"active":false,"scheduler":false,"savedId":null,"workInProgress":false,"uiFLow":false,"startTaskId":"1602015865444","shouldSecure":true,"allowExecutionForAll":true,"testCase":false,"testSuite":false,"sequence":1,"internal":false,"triggeredFromBpm":false,"inputModel":"API_CourseRequest","outputModel":null,"appName":null}]